MFG_DATE,PLANT_ID,PRODUCT_ID,RETURNS_RECEIVED
1/1/16,US1,LAP01,7
1/2/16,US1,LAP01,8
1/3/16,US1,LAP01,4
1/4/16,US1,LAP01,5
1/5/16,US1,LAP01,5
1/6/16,US1,LAP01,6
1/7/16,US1,LAP01,5
1/8/16,US1,LAP01,6
1/9/16,US1,LAP01,6
1/10/16,US1,LAP01,4
1/11/16,US1,LAP01,5
1/12/16,US1,LAP01,6
1/13/16,US1,LAP01,5
1/14/16,US1,LAP01,5
1/15/16,US1,LAP01,6
1/16/16,US1,LAP01,5
1/17/16,US1,LAP01,5
1/18/16,US1,LAP01,5
1/19/16,US1,LAP01,7
1/20/16,US1,LAP01,5
1/21/16,US1,LAP01,5
1/22/16,US1,LAP01,7
1/23/16,US1,LAP01,4
1/24/16,US1,LAP01,5
1/25/16,US1,LAP01,7
1/26/16,US1,LAP01,4
1/27/16,US1,LAP01,5
1/28/16,US1,LAP01,5
1/29/16,US1,LAP01,5
1/30/16,US1,LAP01,6
1/31/16,US1,LAP01,6
2/1/16,US1,LAP01,6
2/2/16,US1,LAP01,5
2/3/16,US1,LAP01,7
2/4/16,US1,LAP01,4
2/5/16,US1,LAP01,6
2/6/16,US1,LAP01,5
2/7/16,US1,LAP01,4
2/8/16,US1,LAP01,5
2/9/16,US1,LAP01,6
2/10/16,US1,LAP01,6
2/11/16,US1,LAP01,8
2/12/16,US1,LAP01,6
2/13/16,US1,LAP01,7
2/14/16,US1,LAP01,5
2/15/16,US1,LAP01,6
2/16/16,US1,LAP01,6
2/17/16,US1,LAP01,7
2/18/16,US1,LAP01,5
2/19/16,US1,LAP01,5
2/20/16,US1,LAP01,4
2/21/16,US1,LAP01,7
2/22/16,US1,LAP01,6
2/23/16,US1,LAP01,8
2/24/16,US1,LAP01,5
2/25/16,US1,LAP01,7
2/26/16,US1,LAP01,5
2/27/16,US1,LAP01,5
2/28/16,US1,LAP01,5
2/29/16,US1,LAP01,3
3/1/16,US1,LAP01,5
3/2/16,US1,LAP01,4
3/3/16,US1,LAP01,6
3/4/16,US1,LAP01,4
3/5/16,US1,LAP01,5
3/6/16,US1,LAP01,6
3/7/16,US1,LAP01,6
3/8/16,US1,LAP01,7
3/9/16,US1,LAP01,4
3/10/16,US1,LAP01,6
3/11/16,US1,LAP01,5
3/12/16,US1,LAP01,5
3/13/16,US1,LAP01,6
3/14/16,US1,LAP01,5
3/15/16,US1,LAP01,6
3/16/16,US1,LAP01,5
3/17/16,US1,LAP01,7
3/18/16,US1,LAP01,4
3/19/16,US1,LAP01,6
3/20/16,US1,LAP01,5
3/21/16,US1,LAP01,5
3/22/16,US1,LAP01,6
3/23/16,US1,LAP01,5
3/24/16,US1,LAP01,7
3/25/16,US1,LAP01,4
3/26/16,US1,LAP01,4
3/27/16,US1,LAP01,6
3/28/16,US1,LAP01,6
3/29/16,US1,LAP01,5
3/30/16,US1,LAP01,5
3/31/16,US1,LAP01,5
4/1/16,US1,LAP01,5
4/2/16,US1,LAP01,4
4/3/16,US1,LAP01,7
4/4/16,US1,LAP01,5
4/5/16,US1,LAP01,7
4/6/16,US1,LAP01,5
4/7/16,US1,LAP01,5
4/8/16,US1,LAP01,5
4/9/16,US1,LAP01,7
4/10/16,US1,LAP01,6
4/11/16,US1,LAP01,5
4/12/16,US1,LAP01,6
4/13/16,US1,LAP01,8
4/14/16,US1,LAP01,5
4/15/16,US1,LAP01,7
4/16/16,US1,LAP01,7
4/17/16,US1,LAP01,4
4/18/16,US1,LAP01,5
4/19/16,US1,LAP01,6
4/20/16,US1,LAP01,5
4/21/16,US1,LAP01,5
4/22/16,US1,LAP01,5
4/23/16,US1,LAP01,6
4/24/16,US1,LAP01,7
4/25/16,US1,LAP01,5
4/26/16,US1,LAP01,5
4/27/16,US1,LAP01,4
4/28/16,US1,LAP01,5
4/29/16,US1,LAP01,5
4/30/16,US1,LAP01,5
5/1/16,US1,LAP01,7
5/2/16,US1,LAP01,5
5/3/16,US1,LAP01,5
5/4/16,US1,LAP01,5
5/5/16,US1,LAP01,8
5/6/16,US1,LAP01,5
5/7/16,US1,LAP01,5
5/8/16,US1,LAP01,7
5/9/16,US1,LAP01,4
5/10/16,US1,LAP01,8
5/11/16,US1,LAP01,5
5/12/16,US1,LAP01,5
5/13/16,US1,LAP01,7
5/14/16,US1,LAP01,4
5/15/16,US1,LAP01,5
5/16/16,US1,LAP01,5
5/17/16,US1,LAP01,6
5/18/16,US1,LAP01,6
5/19/16,US1,LAP01,5
5/20/16,US1,LAP01,7
5/21/16,US1,LAP01,5
5/22/16,US1,LAP01,6
5/23/16,US1,LAP01,5
5/24/16,US1,LAP01,5
5/25/16,US1,LAP01,5
5/26/16,US1,LAP01,4
5/27/16,US1,LAP01,4
5/28/16,US1,LAP01,5
5/29/16,US1,LAP01,6
5/30/16,US1,LAP01,5
5/31/16,US1,LAP01,5
6/1/16,US1,LAP01,5
6/2/16,US1,LAP01,6
6/3/16,US1,LAP01,4
6/4/16,US1,LAP01,8
6/5/16,US1,LAP01,5
6/6/16,US1,LAP01,5
6/7/16,US1,LAP01,7
6/8/16,US1,LAP01,4
6/9/16,US1,LAP01,5
6/10/16,US1,LAP01,5
6/11/16,US1,LAP01,6
6/12/16,US1,LAP01,9
6/13/16,US1,LAP01,5
6/14/16,US1,LAP01,7
6/15/16,US1,LAP01,4
6/16/16,US1,LAP01,4
6/17/16,US1,LAP01,4
6/18/16,US1,LAP01,5
6/19/16,US1,LAP01,6
6/20/16,US1,LAP01,5
6/21/16,US1,LAP01,5
6/22/16,US1,LAP01,6
6/23/16,US1,LAP01,4
6/24/16,US1,LAP01,5
6/25/16,US1,LAP01,5
6/26/16,US1,LAP01,7
6/27/16,US1,LAP01,4
6/28/16,US1,LAP01,7
6/29/16,US1,LAP01,6
6/30/16,US1,LAP01,4
7/1/16,US1,LAP01,7
7/2/16,US1,LAP01,3
7/3/16,US1,LAP01,7
7/4/16,US1,LAP01,6
7/5/16,US1,LAP01,5
7/6/16,US1,LAP01,7
7/7/16,US1,LAP01,5
7/8/16,US1,LAP01,6
7/9/16,US1,LAP01,5
7/10/16,US1,LAP01,7
7/11/16,US1,LAP01,3
7/12/16,US1,LAP01,6
7/13/16,US1,LAP01,7
7/14/16,US1,LAP01,6
7/15/16,US1,LAP01,5
7/16/16,US1,LAP01,5
7/17/16,US1,LAP01,5
7/18/16,US1,LAP01,6
7/19/16,US1,LAP01,6
7/20/16,US1,LAP01,5
7/21/16,US1,LAP01,7
7/22/16,US1,LAP01,4
7/23/16,US1,LAP01,4
7/24/16,US1,LAP01,5
7/25/16,US1,LAP01,3
7/26/16,US1,LAP01,5
7/27/16,US1,LAP01,6
7/28/16,US1,LAP01,4
7/29/16,US1,LAP01,7
7/30/16,US1,LAP01,5
7/31/16,US1,LAP01,6
8/1/16,US1,LAP01,6
8/2/16,US1,LAP01,5
8/3/16,US1,LAP01,4
8/4/16,US1,LAP01,5
8/5/16,US1,LAP01,5
8/6/16,US1,LAP01,6
8/7/16,US1,LAP01,6
8/8/16,US1,LAP01,6
8/9/16,US1,LAP01,6
8/10/16,US1,LAP01,6
8/11/16,US1,LAP01,7
8/12/16,US1,LAP01,6
8/13/16,US1,LAP01,5
8/14/16,US1,LAP01,6
8/15/16,US1,LAP01,4
8/16/16,US1,LAP01,5
8/17/16,US1,LAP01,7
8/18/16,US1,LAP01,4
8/19/16,US1,LAP01,7
8/20/16,US1,LAP01,7
8/21/16,US1,LAP01,7
8/22/16,US1,LAP01,5
8/23/16,US1,LAP01,5
8/24/16,US1,LAP01,7
8/25/16,US1,LAP01,7
8/26/16,US1,LAP01,4
8/27/16,US1,LAP01,5
8/28/16,US1,LAP01,7
8/29/16,US1,LAP01,6
8/30/16,US1,LAP01,7
8/31/16,US1,LAP01,6
9/1/16,US1,LAP01,8
9/2/16,US1,LAP01,6
9/3/16,US1,LAP01,5
9/4/16,US1,LAP01,6
9/5/16,US1,LAP01,5
9/6/16,US1,LAP01,5
9/7/16,US1,LAP01,5
9/8/16,US1,LAP01,7
9/9/16,US1,LAP01,5
9/10/16,US1,LAP01,7
9/11/16,US1,LAP01,6
9/12/16,US1,LAP01,5
9/13/16,US1,LAP01,4
9/14/16,US1,LAP01,3
9/15/16,US1,LAP01,5
9/16/16,US1,LAP01,5
9/17/16,US1,LAP01,5
9/18/16,US1,LAP01,3
9/19/16,US1,LAP01,4
9/20/16,US1,LAP01,6
9/21/16,US1,LAP01,5
9/22/16,US1,LAP01,6
9/23/16,US1,LAP01,4
9/24/16,US1,LAP01,5
9/25/16,US1,LAP01,5
9/26/16,US1,LAP01,5
9/27/16,US1,LAP01,5
9/28/16,US1,LAP01,7
9/29/16,US1,LAP01,5
9/30/16,US1,LAP01,4
10/1/16,US1,LAP01,4
10/2/16,US1,LAP01,5
10/3/16,US1,LAP01,7
10/4/16,US1,LAP01,5
10/5/16,US1,LAP01,7
10/6/16,US1,LAP01,6
10/7/16,US1,LAP01,5
10/8/16,US1,LAP01,5
10/9/16,US1,LAP01,5
10/10/16,US1,LAP01,5
10/11/16,US1,LAP01,5
10/12/16,US1,LAP01,5
10/13/16,US1,LAP01,6
10/14/16,US1,LAP01,5
10/15/16,US1,LAP01,5
10/16/16,US1,LAP01,7
10/17/16,US1,LAP01,6
10/18/16,US1,LAP01,6
10/19/16,US1,LAP01,5
10/20/16,US1,LAP01,5
10/21/16,US1,LAP01,7
10/22/16,US1,LAP01,5
10/23/16,US1,LAP01,6
10/24/16,US1,LAP01,5
10/25/16,US1,LAP01,5
10/26/16,US1,LAP01,5
10/27/16,US1,LAP01,6
10/28/16,US1,LAP01,7
10/29/16,US1,LAP01,6
10/30/16,US1,LAP01,4
10/31/16,US1,LAP01,7
11/1/16,US1,LAP01,6
11/2/16,US1,LAP01,6
11/3/16,US1,LAP01,4
11/4/16,US1,LAP01,4
11/5/16,US1,LAP01,4
11/6/16,US1,LAP01,5
11/7/16,US1,LAP01,6
11/8/16,US1,LAP01,6
11/9/16,US1,LAP01,4
11/10/16,US1,LAP01,6
11/11/16,US1,LAP01,5
11/12/16,US1,LAP01,6
11/13/16,US1,LAP01,5
11/14/16,US1,LAP01,6
11/15/16,US1,LAP01,5
11/16/16,US1,LAP01,7
11/17/16,US1,LAP01,5
11/18/16,US1,LAP01,4
11/19/16,US1,LAP01,5
11/20/16,US1,LAP01,5
11/21/16,US1,LAP01,4
11/22/16,US1,LAP01,5
11/23/16,US1,LAP01,5
11/24/16,US1,LAP01,7
11/25/16,US1,LAP01,5
11/26/16,US1,LAP01,5
11/27/16,US1,LAP01,7
11/28/16,US1,LAP01,5
11/29/16,US1,LAP01,6
11/30/16,US1,LAP01,5
12/1/16,US1,LAP01,4
12/2/16,US1,LAP01,5
12/3/16,US1,LAP01,5
12/4/16,US1,LAP01,6
12/5/16,US1,LAP01,7
12/6/16,US1,LAP01,5
12/7/16,US1,LAP01,4
12/8/16,US1,LAP01,4
12/9/16,US1,LAP01,4
12/10/16,US1,LAP01,4
12/11/16,US1,LAP01,6
12/12/16,US1,LAP01,5
12/13/16,US1,LAP01,4
12/14/16,US1,LAP01,6
12/15/16,US1,LAP01,7
12/16/16,US1,LAP01,4
12/17/16,US1,LAP01,5
12/18/16,US1,LAP01,6
12/19/16,US1,LAP01,5
12/20/16,US1,LAP01,5
12/21/16,US1,LAP01,5
12/22/16,US1,LAP01,5
12/23/16,US1,LAP01,6
12/24/16,US1,LAP01,5
12/25/16,US1,LAP01,4
12/26/16,US1,LAP01,6
12/27/16,US1,LAP01,4
12/28/16,US1,LAP01,5
12/29/16,US1,LAP01,5
12/30/16,US1,LAP01,3
12/31/16,US1,LAP01,4
1/1/17,US1,LAP01,4
1/2/17,US1,LAP01,7
1/3/17,US1,LAP01,7
1/4/17,US1,LAP01,5
1/5/17,US1,LAP01,5
1/6/17,US1,LAP01,5
1/7/17,US1,LAP01,6
1/8/17,US1,LAP01,7
1/9/17,US1,LAP01,6
1/10/17,US1,LAP01,5
1/11/17,US1,LAP01,4
1/12/17,US1,LAP01,7
1/13/17,US1,LAP01,5
1/14/17,US1,LAP01,5
1/15/17,US1,LAP01,5
1/16/17,US1,LAP01,8
1/17/17,US1,LAP01,5
1/18/17,US1,LAP01,5
1/19/17,US1,LAP01,7
1/20/17,US1,LAP01,5
1/21/17,US1,LAP01,7
1/22/17,US1,LAP01,7
1/23/17,US1,LAP01,6
1/24/17,US1,LAP01,5
1/25/17,US1,LAP01,6
1/26/17,US1,LAP01,5
1/27/17,US1,LAP01,5
1/28/17,US1,LAP01,8
1/29/17,US1,LAP01,6
1/30/17,US1,LAP01,7
1/31/17,US1,LAP01,5
2/1/17,US1,LAP01,3
2/2/17,US1,LAP01,7
2/3/17,US1,LAP01,5
2/4/17,US1,LAP01,5
2/5/17,US1,LAP01,6
2/6/17,US1,LAP01,4
2/7/17,US1,LAP01,4
2/8/17,US1,LAP01,5
2/9/17,US1,LAP01,5
2/10/17,US1,LAP01,5
2/11/17,US1,LAP01,4
2/12/17,US1,LAP01,6
2/13/17,US1,LAP01,6
2/14/17,US1,LAP01,7
2/15/17,US1,LAP01,7
2/16/17,US1,LAP01,6
2/17/17,US1,LAP01,2
2/18/17,US1,LAP01,7
2/19/17,US1,LAP01,5
2/20/17,US1,LAP01,6
2/21/17,US1,LAP01,5
2/22/17,US1,LAP01,7
2/23/17,US1,LAP01,5
2/24/17,US1,LAP01,6
2/25/17,US1,LAP01,5
2/26/17,US1,LAP01,6
2/27/17,US1,LAP01,7
2/28/17,US1,LAP01,5
3/1/17,US1,LAP01,3
3/2/17,US1,LAP01,7
3/3/17,US1,LAP01,7
3/4/17,US1,LAP01,5
3/5/17,US1,LAP01,6
3/6/17,US1,LAP01,5
3/7/17,US1,LAP01,5
3/8/17,US1,LAP01,7
3/9/17,US1,LAP01,4
3/10/17,US1,LAP01,4
3/11/17,US1,LAP01,6
3/12/17,US1,LAP01,6
3/13/17,US1,LAP01,5
3/14/17,US1,LAP01,4
3/15/17,US1,LAP01,5
3/16/17,US1,LAP01,6
3/17/17,US1,LAP01,5
3/18/17,US1,LAP01,4
3/19/17,US1,LAP01,3
3/20/17,US1,LAP01,7
3/21/17,US1,LAP01,5
3/22/17,US1,LAP01,4
3/23/17,US1,LAP01,7
3/24/17,US1,LAP01,4
3/25/17,US1,LAP01,7
3/26/17,US1,LAP01,8
3/27/17,US1,LAP01,3
3/28/17,US1,LAP01,5
3/29/17,US1,LAP01,5
3/30/17,US1,LAP01,4
3/31/17,US1,LAP01,6
4/1/17,US1,LAP01,6
4/2/17,US1,LAP01,5
4/3/17,US1,LAP01,5
4/4/17,US1,LAP01,4
4/5/17,US1,LAP01,6
4/6/17,US1,LAP01,8
4/7/17,US1,LAP01,5
4/8/17,US1,LAP01,6
4/9/17,US1,LAP01,6
4/10/17,US1,LAP01,7
4/11/17,US1,LAP01,6
4/12/17,US1,LAP01,7
4/13/17,US1,LAP01,4
4/14/17,US1,LAP01,6
4/15/17,US1,LAP01,4
4/16/17,US1,LAP01,7
4/17/17,US1,LAP01,5
4/18/17,US1,LAP01,5
4/19/17,US1,LAP01,7
4/20/17,US1,LAP01,5
4/21/17,US1,LAP01,4
4/22/17,US1,LAP01,6
4/23/17,US1,LAP01,6
4/24/17,US1,LAP01,6
4/25/17,US1,LAP01,5
4/26/17,US1,LAP01,5
4/27/17,US1,LAP01,5
4/28/17,US1,LAP01,5
4/29/17,US1,LAP01,5
4/30/17,US1,LAP01,7
5/1/17,US1,LAP01,5
5/2/17,US1,LAP01,5
5/3/17,US1,LAP01,7
5/4/17,US1,LAP01,5
5/5/17,US1,LAP01,7
5/6/17,US1,LAP01,4
5/7/17,US1,LAP01,5
5/8/17,US1,LAP01,7
5/9/17,US1,LAP01,7
5/10/17,US1,LAP01,5
5/11/17,US1,LAP01,5
5/12/17,US1,LAP01,7
5/13/17,US1,LAP01,4
5/14/17,US1,LAP01,5
5/15/17,US1,LAP01,5
5/16/17,US1,LAP01,5
5/17/17,US1,LAP01,5
5/18/17,US1,LAP01,6
5/19/17,US1,LAP01,4
5/20/17,US1,LAP01,5
5/21/17,US1,LAP01,7
5/22/17,US1,LAP01,5
5/23/17,US1,LAP01,5
5/24/17,US1,LAP01,4
5/25/17,US1,LAP01,5
5/26/17,US1,LAP01,5
5/27/17,US1,LAP01,4
5/28/17,US1,LAP01,7
5/29/17,US1,LAP01,7
5/30/17,US1,LAP01,5
5/31/17,US1,LAP01,5
6/1/17,US1,LAP01,6
6/2/17,US1,LAP01,6
6/3/17,US1,LAP01,5
6/4/17,US1,LAP01,5
6/5/17,US1,LAP01,5
6/6/17,US1,LAP01,4
6/7/17,US1,LAP01,4
6/8/17,US1,LAP01,5
6/9/17,US1,LAP01,5
6/10/17,US1,LAP01,5
6/11/17,US1,LAP01,7
6/12/17,US1,LAP01,6
6/13/17,US1,LAP01,5
6/14/17,US1,LAP01,6
6/15/17,US1,LAP01,8
6/16/17,US1,LAP01,5
6/17/17,US1,LAP01,6
6/18/17,US1,LAP01,5
6/19/17,US1,LAP01,6
6/20/17,US1,LAP01,7
6/21/17,US1,LAP01,7
6/22/17,US1,LAP01,4
6/23/17,US1,LAP01,6
6/24/17,US1,LAP01,6
6/25/17,US1,LAP01,2
6/26/17,US1,LAP01,5
6/27/17,US1,LAP01,4
6/28/17,US1,LAP01,4
6/29/17,US1,LAP01,5
6/30/17,US1,LAP01,4
7/1/17,US1,LAP01,5
7/2/17,US1,LAP01,4
7/3/17,US1,LAP01,5
7/4/17,US1,LAP01,4
7/5/17,US1,LAP01,4
7/6/17,US1,LAP01,4
7/7/17,US1,LAP01,5
7/8/17,US1,LAP01,5
7/9/17,US1,LAP01,5
7/10/17,US1,LAP01,5
7/11/17,US1,LAP01,7
7/12/17,US1,LAP01,7
7/13/17,US1,LAP01,6
7/14/17,US1,LAP01,5
7/15/17,US1,LAP01,4
7/16/17,US1,LAP01,6
7/17/17,US1,LAP01,5
7/18/17,US1,LAP01,4
7/19/17,US1,LAP01,4
7/20/17,US1,LAP01,6
7/21/17,US1,LAP01,6
7/22/17,US1,LAP01,5
7/23/17,US1,LAP01,7
7/24/17,US1,LAP01,7
7/25/17,US1,LAP01,5
7/26/17,US1,LAP01,5
7/27/17,US1,LAP01,5
7/28/17,US1,LAP01,5
7/29/17,US1,LAP01,5
7/30/17,US1,LAP01,4
7/31/17,US1,LAP01,5
8/1/17,US1,LAP01,5
8/2/17,US1,LAP01,7
8/3/17,US1,LAP01,7
8/4/17,US1,LAP01,5
8/5/17,US1,LAP01,5
8/6/17,US1,LAP01,7
8/7/17,US1,LAP01,5
8/8/17,US1,LAP01,5
8/9/17,US1,LAP01,5
8/10/17,US1,LAP01,6
8/11/17,US1,LAP01,5
8/12/17,US1,LAP01,2
8/13/17,US1,LAP01,5
8/14/17,US1,LAP01,5
8/15/17,US1,LAP01,7
8/16/17,US1,LAP01,5
8/17/17,US1,LAP01,8
8/18/17,US1,LAP01,4
8/19/17,US1,LAP01,5
8/20/17,US1,LAP01,5
8/21/17,US1,LAP01,3
8/22/17,US1,LAP01,5
8/23/17,US1,LAP01,5
8/24/17,US1,LAP01,5
8/25/17,US1,LAP01,4
8/26/17,US1,LAP01,5
8/27/17,US1,LAP01,7
8/28/17,US1,LAP01,4
8/29/17,US1,LAP01,6
8/30/17,US1,LAP01,6
8/31/17,US1,LAP01,5
9/1/17,US1,LAP01,5
9/2/17,US1,LAP01,5
9/3/17,US1,LAP01,7
9/4/17,US1,LAP01,6
9/5/17,US1,LAP01,7
9/6/17,US1,LAP01,7
9/7/17,US1,LAP01,7
9/8/17,US1,LAP01,5
9/9/17,US1,LAP01,5
9/10/17,US1,LAP01,7
9/11/17,US1,LAP01,6
9/12/17,US1,LAP01,5
9/13/17,US1,LAP01,7
9/14/17,US1,LAP01,8
9/15/17,US1,LAP01,5
9/16/17,US1,LAP01,5
9/17/17,US1,LAP01,5
9/18/17,US1,LAP01,7
9/19/17,US1,LAP01,2
9/20/17,US1,LAP01,7
9/21/17,US1,LAP01,7
9/22/17,US1,LAP01,6
9/23/17,US1,LAP01,7
9/24/17,US1,LAP01,4
9/25/17,US1,LAP01,6
9/26/17,US1,LAP01,4
9/27/17,US1,LAP01,5
9/28/17,US1,LAP01,4
9/29/17,US1,LAP01,5
9/30/17,US1,LAP01,5
10/1/17,US1,LAP01,6
10/2/17,US1,LAP01,5
10/3/17,US1,LAP01,5
10/4/17,US1,LAP01,6
10/5/17,US1,LAP01,7
10/6/17,US1,LAP01,5
10/7/17,US1,LAP01,5
10/8/17,US1,LAP01,5
10/9/17,US1,LAP01,6
10/10/17,US1,LAP01,4
10/11/17,US1,LAP01,5
10/12/17,US1,LAP01,5
10/13/17,US1,LAP01,5
10/14/17,US1,LAP01,5
10/15/17,US1,LAP01,5
10/16/17,US1,LAP01,5
10/17/17,US1,LAP01,5
10/18/17,US1,LAP01,5
10/19/17,US1,LAP01,7
10/20/17,US1,LAP01,5
10/21/17,US1,LAP01,7
10/22/17,US1,LAP01,5
10/23/17,US1,LAP01,5
10/24/17,US1,LAP01,7
10/25/17,US1,LAP01,6
10/26/17,US1,LAP01,4
10/27/17,US1,LAP01,7
10/28/17,US1,LAP01,7
10/29/17,US1,LAP01,5
10/30/17,US1,LAP01,5
10/31/17,US1,LAP01,5
11/1/17,US1,LAP01,4
11/2/17,US1,LAP01,4
11/3/17,US1,LAP01,3
11/4/17,US1,LAP01,5
11/5/17,US1,LAP01,7
11/6/17,US1,LAP01,6
11/7/17,US1,LAP01,5
11/8/17,US1,LAP01,6
11/9/17,US1,LAP01,4
11/10/17,US1,LAP01,4
11/11/17,US1,LAP01,5
11/12/17,US1,LAP01,5
11/13/17,US1,LAP01,5
11/14/17,US1,LAP01,4
11/15/17,US1,LAP01,4
11/16/17,US1,LAP01,6
11/17/17,US1,LAP01,2
11/18/17,US1,LAP01,5
11/19/17,US1,LAP01,5
11/20/17,US1,LAP01,6
11/21/17,US1,LAP01,5
11/22/17,US1,LAP01,3
11/23/17,US1,LAP01,4
11/24/17,US1,LAP01,6
11/25/17,US1,LAP01,6
11/26/17,US1,LAP01,3
11/27/17,US1,LAP01,6
11/28/17,US1,LAP01,5
11/29/17,US1,LAP01,5
11/30/17,US1,LAP01,4
12/1/17,US1,LAP01,5
12/2/17,US1,LAP01,6
12/3/17,US1,LAP01,6
12/4/17,US1,LAP01,7
12/5/17,US1,LAP01,4
12/6/17,US1,LAP01,5
12/7/17,US1,LAP01,4
12/8/17,US1,LAP01,6
12/9/17,US1,LAP01,3
12/10/17,US1,LAP01,4
12/11/17,US1,LAP01,5
12/12/17,US1,LAP01,6
12/13/17,US1,LAP01,7
12/14/17,US1,LAP01,5
12/15/17,US1,LAP01,4
12/16/17,US1,LAP01,4
12/17/17,US1,LAP01,4
12/18/17,US1,LAP01,4
12/19/17,US1,LAP01,6
12/20/17,US1,LAP01,8
12/21/17,US1,LAP01,6
12/22/17,US1,LAP01,5
12/23/17,US1,LAP01,4
12/24/17,US1,LAP01,7
12/25/17,US1,LAP01,7
12/26/17,US1,LAP01,7
12/27/17,US1,LAP01,5
12/28/17,US1,LAP01,7
12/29/17,US1,LAP01,5
12/30/17,US1,LAP01,5
12/31/17,US1,LAP01,3
1/1/16,US1,LAP02,3
1/2/16,US1,LAP02,2
1/3/16,US1,LAP02,1
1/4/16,US1,LAP02,3
1/5/16,US1,LAP02,2
1/6/16,US1,LAP02,2
1/7/16,US1,LAP02,3
1/8/16,US1,LAP02,3
1/9/16,US1,LAP02,2
1/10/16,US1,LAP02,2
1/11/16,US1,LAP02,4
1/12/16,US1,LAP02,5
1/13/16,US1,LAP02,3
1/14/16,US1,LAP02,4
1/15/16,US1,LAP02,2
1/16/16,US1,LAP02,4
1/17/16,US1,LAP02,4
1/18/16,US1,LAP02,5
1/19/16,US1,LAP02,4
1/20/16,US1,LAP02,4
1/21/16,US1,LAP02,4
1/22/16,US1,LAP02,2
1/23/16,US1,LAP02,3
1/24/16,US1,LAP02,3
1/25/16,US1,LAP02,2
1/26/16,US1,LAP02,5
1/27/16,US1,LAP02,3
1/28/16,US1,LAP02,4
1/29/16,US1,LAP02,3
1/30/16,US1,LAP02,4
1/31/16,US1,LAP02,2
2/1/16,US1,LAP02,1
2/2/16,US1,LAP02,2
2/3/16,US1,LAP02,4
2/4/16,US1,LAP02,1
2/5/16,US1,LAP02,4
2/6/16,US1,LAP02,4
2/7/16,US1,LAP02,4
2/8/16,US1,LAP02,3
2/9/16,US1,LAP02,1
2/10/16,US1,LAP02,3
2/11/16,US1,LAP02,3
2/12/16,US1,LAP02,4
2/13/16,US1,LAP02,3
2/14/16,US1,LAP02,4
2/15/16,US1,LAP02,3
2/16/16,US1,LAP02,3
2/17/16,US1,LAP02,5
2/18/16,US1,LAP02,4
2/19/16,US1,LAP02,2
2/20/16,US1,LAP02,4
2/21/16,US1,LAP02,3
2/22/16,US1,LAP02,1
2/23/16,US1,LAP02,4
2/24/16,US1,LAP02,3
2/25/16,US1,LAP02,2
2/26/16,US1,LAP02,2
2/27/16,US1,LAP02,2
2/28/16,US1,LAP02,2
2/29/16,US1,LAP02,3
3/1/16,US1,LAP02,2
3/2/16,US1,LAP02,4
3/3/16,US1,LAP02,4
3/4/16,US1,LAP02,2
3/5/16,US1,LAP02,4
3/6/16,US1,LAP02,2
3/7/16,US1,LAP02,4
3/8/16,US1,LAP02,3
3/9/16,US1,LAP02,1
3/10/16,US1,LAP02,2
3/11/16,US1,LAP02,4
3/12/16,US1,LAP02,1
3/13/16,US1,LAP02,4
3/14/16,US1,LAP02,3
3/15/16,US1,LAP02,2
3/16/16,US1,LAP02,3
3/17/16,US1,LAP02,3
3/18/16,US1,LAP02,2
3/19/16,US1,LAP02,5
3/20/16,US1,LAP02,2
3/21/16,US1,LAP02,2
3/22/16,US1,LAP02,5
3/23/16,US1,LAP02,4
3/24/16,US1,LAP02,2
3/25/16,US1,LAP02,2
3/26/16,US1,LAP02,4
3/27/16,US1,LAP02,4
3/28/16,US1,LAP02,5
3/29/16,US1,LAP02,4
3/30/16,US1,LAP02,2
3/31/16,US1,LAP02,2
4/1/16,US1,LAP02,1
4/2/16,US1,LAP02,3
4/3/16,US1,LAP02,4
4/4/16,US1,LAP02,2
4/5/16,US1,LAP02,5
4/6/16,US1,LAP02,3
4/7/16,US1,LAP02,2
4/8/16,US1,LAP02,4
4/9/16,US1,LAP02,4
4/10/16,US1,LAP02,2
4/11/16,US1,LAP02,1
4/12/16,US1,LAP02,2
4/13/16,US1,LAP02,4
4/14/16,US1,LAP02,3
4/15/16,US1,LAP02,3
4/16/16,US1,LAP02,4
4/17/16,US1,LAP02,2
4/18/16,US1,LAP02,4
4/19/16,US1,LAP02,2
4/20/16,US1,LAP02,4
4/21/16,US1,LAP02,5
4/22/16,US1,LAP02,3
4/23/16,US1,LAP02,2
4/24/16,US1,LAP02,5
4/25/16,US1,LAP02,3
4/26/16,US1,LAP02,4
4/27/16,US1,LAP02,2
4/28/16,US1,LAP02,3
4/29/16,US1,LAP02,4
4/30/16,US1,LAP02,4
5/1/16,US1,LAP02,2
5/2/16,US1,LAP02,2
5/3/16,US1,LAP02,4
5/4/16,US1,LAP02,4
5/5/16,US1,LAP02,3
5/6/16,US1,LAP02,4
5/7/16,US1,LAP02,2
5/8/16,US1,LAP02,3
5/9/16,US1,LAP02,4
5/10/16,US1,LAP02,3
5/11/16,US1,LAP02,3
5/12/16,US1,LAP02,4
5/13/16,US1,LAP02,3
5/14/16,US1,LAP02,5
5/15/16,US1,LAP02,3
5/16/16,US1,LAP02,4
5/17/16,US1,LAP02,3
5/18/16,US1,LAP02,4
5/19/16,US1,LAP02,3
5/20/16,US1,LAP02,5
5/21/16,US1,LAP02,4
5/22/16,US1,LAP02,4
5/23/16,US1,LAP02,1
5/24/16,US1,LAP02,2
5/25/16,US1,LAP02,4
5/26/16,US1,LAP02,4
5/27/16,US1,LAP02,2
5/28/16,US1,LAP02,2
5/29/16,US1,LAP02,4
5/30/16,US1,LAP02,2
5/31/16,US1,LAP02,3
6/1/16,US1,LAP02,2
6/2/16,US1,LAP02,4
6/3/16,US1,LAP02,2
6/4/16,US1,LAP02,2
6/5/16,US1,LAP02,4
6/6/16,US1,LAP02,4
6/7/16,US1,LAP02,3
6/8/16,US1,LAP02,2
6/9/16,US1,LAP02,2
6/10/16,US1,LAP02,4
6/11/16,US1,LAP02,2
6/12/16,US1,LAP02,1
6/13/16,US1,LAP02,3
6/14/16,US1,LAP02,2
6/15/16,US1,LAP02,5
6/16/16,US1,LAP02,4
6/17/16,US1,LAP02,3
6/18/16,US1,LAP02,2
6/19/16,US1,LAP02,3
6/20/16,US1,LAP02,2
6/21/16,US1,LAP02,2
6/22/16,US1,LAP02,3
6/23/16,US1,LAP02,2
6/24/16,US1,LAP02,4
6/25/16,US1,LAP02,5
6/26/16,US1,LAP02,2
6/27/16,US1,LAP02,5
6/28/16,US1,LAP02,4
6/29/16,US1,LAP02,3
6/30/16,US1,LAP02,4
7/1/16,US1,LAP02,2
7/2/16,US1,LAP02,2
7/3/16,US1,LAP02,4
7/4/16,US1,LAP02,4
7/5/16,US1,LAP02,3
7/6/16,US1,LAP02,3
7/7/16,US1,LAP02,4
7/8/16,US1,LAP02,3
7/9/16,US1,LAP02,4
7/10/16,US1,LAP02,3
7/11/16,US1,LAP02,3
7/12/16,US1,LAP02,4
7/13/16,US1,LAP02,4
7/14/16,US1,LAP02,3
7/15/16,US1,LAP02,4
7/16/16,US1,LAP02,2
7/17/16,US1,LAP02,3
7/18/16,US1,LAP02,1
7/19/16,US1,LAP02,4
7/20/16,US1,LAP02,2
7/21/16,US1,LAP02,4
7/22/16,US1,LAP02,2
7/23/16,US1,LAP02,2
7/24/16,US1,LAP02,4
7/25/16,US1,LAP02,2
7/26/16,US1,LAP02,3
7/27/16,US1,LAP02,5
7/28/16,US1,LAP02,3
7/29/16,US1,LAP02,4
7/30/16,US1,LAP02,4
7/31/16,US1,LAP02,3
8/1/16,US1,LAP02,4
8/2/16,US1,LAP02,2
8/3/16,US1,LAP02,2
8/4/16,US1,LAP02,4
8/5/16,US1,LAP02,4
8/6/16,US1,LAP02,2
8/7/16,US1,LAP02,5
8/8/16,US1,LAP02,2
8/9/16,US1,LAP02,3
8/10/16,US1,LAP02,4
8/11/16,US1,LAP02,4
8/12/16,US1,LAP02,2
8/13/16,US1,LAP02,4
8/14/16,US1,LAP02,2
8/15/16,US1,LAP02,3
8/16/16,US1,LAP02,2
8/17/16,US1,LAP02,3
8/18/16,US1,LAP02,2
8/19/16,US1,LAP02,5
8/20/16,US1,LAP02,2
8/21/16,US1,LAP02,4
8/22/16,US1,LAP02,3
8/23/16,US1,LAP02,6
8/24/16,US1,LAP02,3
8/25/16,US1,LAP02,3
8/26/16,US1,LAP02,4
8/27/16,US1,LAP02,3
8/28/16,US1,LAP02,3
8/29/16,US1,LAP02,3
8/30/16,US1,LAP02,2
8/31/16,US1,LAP02,4
9/1/16,US1,LAP02,2
9/2/16,US1,LAP02,3
9/3/16,US1,LAP02,3
9/4/16,US1,LAP02,4
9/5/16,US1,LAP02,4
9/6/16,US1,LAP02,4
9/7/16,US1,LAP02,2
9/8/16,US1,LAP02,2
9/9/16,US1,LAP02,1
9/10/16,US1,LAP02,4
9/11/16,US1,LAP02,1
9/12/16,US1,LAP02,4
9/13/16,US1,LAP02,2
9/14/16,US1,LAP02,4
9/15/16,US1,LAP02,4
9/16/16,US1,LAP02,4
9/17/16,US1,LAP02,4
9/18/16,US1,LAP02,4
9/19/16,US1,LAP02,3
9/20/16,US1,LAP02,3
9/21/16,US1,LAP02,4
9/22/16,US1,LAP02,3
9/23/16,US1,LAP02,2
9/24/16,US1,LAP02,2
9/25/16,US1,LAP02,3
9/26/16,US1,LAP02,4
9/27/16,US1,LAP02,3
9/28/16,US1,LAP02,2
9/29/16,US1,LAP02,5
9/30/16,US1,LAP02,4
10/1/16,US1,LAP02,3
10/2/16,US1,LAP02,2
10/3/16,US1,LAP02,4
10/4/16,US1,LAP02,1
10/5/16,US1,LAP02,3
10/6/16,US1,LAP02,2
10/7/16,US1,LAP02,2
10/8/16,US1,LAP02,4
10/9/16,US1,LAP02,6
10/10/16,US1,LAP02,3
10/11/16,US1,LAP02,2
10/12/16,US1,LAP02,4
10/13/16,US1,LAP02,2
10/14/16,US1,LAP02,1
10/15/16,US1,LAP02,4
10/16/16,US1,LAP02,5
10/17/16,US1,LAP02,4
10/18/16,US1,LAP02,4
10/19/16,US1,LAP02,3
10/20/16,US1,LAP02,3
10/21/16,US1,LAP02,3
10/22/16,US1,LAP02,4
10/23/16,US1,LAP02,4
10/24/16,US1,LAP02,1
10/25/16,US1,LAP02,3
10/26/16,US1,LAP02,4
10/27/16,US1,LAP02,4
10/28/16,US1,LAP02,3
10/29/16,US1,LAP02,3
10/30/16,US1,LAP02,4
10/31/16,US1,LAP02,2
11/1/16,US1,LAP02,2
11/2/16,US1,LAP02,3
11/3/16,US1,LAP02,4
11/4/16,US1,LAP02,3
11/5/16,US1,LAP02,2
11/6/16,US1,LAP02,4
11/7/16,US1,LAP02,4
11/8/16,US1,LAP02,4
11/9/16,US1,LAP02,3
11/10/16,US1,LAP02,3
11/11/16,US1,LAP02,2
11/12/16,US1,LAP02,4
11/13/16,US1,LAP02,4
11/14/16,US1,LAP02,2
11/15/16,US1,LAP02,2
11/16/16,US1,LAP02,4
11/17/16,US1,LAP02,2
11/18/16,US1,LAP02,4
11/19/16,US1,LAP02,4
11/20/16,US1,LAP02,2
11/21/16,US1,LAP02,3
11/22/16,US1,LAP02,2
11/23/16,US1,LAP02,4
11/24/16,US1,LAP02,3
11/25/16,US1,LAP02,4
11/26/16,US1,LAP02,2
11/27/16,US1,LAP02,2
11/28/16,US1,LAP02,4
11/29/16,US1,LAP02,2
11/30/16,US1,LAP02,4
12/1/16,US1,LAP02,1
12/2/16,US1,LAP02,4
12/3/16,US1,LAP02,2
12/4/16,US1,LAP02,3
12/5/16,US1,LAP02,3
12/6/16,US1,LAP02,2
12/7/16,US1,LAP02,2
12/8/16,US1,LAP02,3
12/9/16,US1,LAP02,2
12/10/16,US1,LAP02,3
12/11/16,US1,LAP02,4
12/12/16,US1,LAP02,4
12/13/16,US1,LAP02,2
12/14/16,US1,LAP02,3
12/15/16,US1,LAP02,2
12/16/16,US1,LAP02,3
12/17/16,US1,LAP02,3
12/18/16,US1,LAP02,3
12/19/16,US1,LAP02,3
12/20/16,US1,LAP02,4
12/21/16,US1,LAP02,2
12/22/16,US1,LAP02,5
12/23/16,US1,LAP02,3
12/24/16,US1,LAP02,1
12/25/16,US1,LAP02,4
12/26/16,US1,LAP02,4
12/27/16,US1,LAP02,3
12/28/16,US1,LAP02,2
12/29/16,US1,LAP02,5
12/30/16,US1,LAP02,3
12/31/16,US1,LAP02,1
1/1/17,US1,LAP02,3
1/2/17,US1,LAP02,4
1/3/17,US1,LAP02,3
1/4/17,US1,LAP02,2
1/5/17,US1,LAP02,2
1/6/17,US1,LAP02,2
1/7/17,US1,LAP02,4
1/8/17,US1,LAP02,1
1/9/17,US1,LAP02,3
1/10/17,US1,LAP02,4
1/11/17,US1,LAP02,4
1/12/17,US1,LAP02,2
1/13/17,US1,LAP02,5
1/14/17,US1,LAP02,3
1/15/17,US1,LAP02,5
1/16/17,US1,LAP02,1
1/17/17,US1,LAP02,3
1/18/17,US1,LAP02,3
1/19/17,US1,LAP02,4
1/20/17,US1,LAP02,4
1/21/17,US1,LAP02,4
1/22/17,US1,LAP02,4
1/23/17,US1,LAP02,3
1/24/17,US1,LAP02,4
1/25/17,US1,LAP02,1
1/26/17,US1,LAP02,4
1/27/17,US1,LAP02,4
1/28/17,US1,LAP02,4
1/29/17,US1,LAP02,4
1/30/17,US1,LAP02,4
1/31/17,US1,LAP02,2
2/1/17,US1,LAP02,2
2/2/17,US1,LAP02,5
2/3/17,US1,LAP02,2
2/4/17,US1,LAP02,4
2/5/17,US1,LAP02,3
2/6/17,US1,LAP02,6
2/7/17,US1,LAP02,2
2/8/17,US1,LAP02,2
2/9/17,US1,LAP02,2
2/10/17,US1,LAP02,2
2/11/17,US1,LAP02,2
2/12/17,US1,LAP02,4
2/13/17,US1,LAP02,4
2/14/17,US1,LAP02,4
2/15/17,US1,LAP02,1
2/16/17,US1,LAP02,2
2/17/17,US1,LAP02,3
2/18/17,US1,LAP02,3
2/19/17,US1,LAP02,4
2/20/17,US1,LAP02,4
2/21/17,US1,LAP02,3
2/22/17,US1,LAP02,3
2/23/17,US1,LAP02,5
2/24/17,US1,LAP02,5
2/25/17,US1,LAP02,4
2/26/17,US1,LAP02,4
2/27/17,US1,LAP02,2
2/28/17,US1,LAP02,2
3/1/17,US1,LAP02,2
3/2/17,US1,LAP02,2
3/3/17,US1,LAP02,2
3/4/17,US1,LAP02,1
3/5/17,US1,LAP02,2
3/6/17,US1,LAP02,2
3/7/17,US1,LAP02,4
3/8/17,US1,LAP02,4
3/9/17,US1,LAP02,3
3/10/17,US1,LAP02,2
3/11/17,US1,LAP02,5
3/12/17,US1,LAP02,4
3/13/17,US1,LAP02,3
3/14/17,US1,LAP02,4
3/15/17,US1,LAP02,4
3/16/17,US1,LAP02,3
3/17/17,US1,LAP02,4
3/18/17,US1,LAP02,3
3/19/17,US1,LAP02,4
3/20/17,US1,LAP02,4
3/21/17,US1,LAP02,2
3/22/17,US1,LAP02,4
3/23/17,US1,LAP02,2
3/24/17,US1,LAP02,4
3/25/17,US1,LAP02,5
3/26/17,US1,LAP02,3
3/27/17,US1,LAP02,3
3/28/17,US1,LAP02,1
3/29/17,US1,LAP02,2
3/30/17,US1,LAP02,3
3/31/17,US1,LAP02,4
4/1/17,US1,LAP02,4
4/2/17,US1,LAP02,2
4/3/17,US1,LAP02,5
4/4/17,US1,LAP02,3
4/5/17,US1,LAP02,5
4/6/17,US1,LAP02,3
4/7/17,US1,LAP02,2
4/8/17,US1,LAP02,3
4/9/17,US1,LAP02,4
4/10/17,US1,LAP02,2
4/11/17,US1,LAP02,4
4/12/17,US1,LAP02,4
4/13/17,US1,LAP02,3
4/14/17,US1,LAP02,3
4/15/17,US1,LAP02,4
4/16/17,US1,LAP02,2
4/17/17,US1,LAP02,4
4/18/17,US1,LAP02,1
4/19/17,US1,LAP02,2
4/20/17,US1,LAP02,3
4/21/17,US1,LAP02,3
4/22/17,US1,LAP02,1
4/23/17,US1,LAP02,3
4/24/17,US1,LAP02,2
4/25/17,US1,LAP02,2
4/26/17,US1,LAP02,2
4/27/17,US1,LAP02,2
4/28/17,US1,LAP02,2
4/29/17,US1,LAP02,3
4/30/17,US1,LAP02,4
5/1/17,US1,LAP02,4
5/2/17,US1,LAP02,5
5/3/17,US1,LAP02,3
5/4/17,US1,LAP02,4
5/5/17,US1,LAP02,1
5/6/17,US1,LAP02,3
5/7/17,US1,LAP02,4
5/8/17,US1,LAP02,3
5/9/17,US1,LAP02,5
5/10/17,US1,LAP02,3
5/11/17,US1,LAP02,2
5/12/17,US1,LAP02,3
5/13/17,US1,LAP02,3
5/14/17,US1,LAP02,3
5/15/17,US1,LAP02,5
5/16/17,US1,LAP02,4
5/17/17,US1,LAP02,2
5/18/17,US1,LAP02,6
5/19/17,US1,LAP02,4
5/20/17,US1,LAP02,4
5/21/17,US1,LAP02,1
5/22/17,US1,LAP02,3
5/23/17,US1,LAP02,4
5/24/17,US1,LAP02,3
5/25/17,US1,LAP02,4
5/26/17,US1,LAP02,1
5/27/17,US1,LAP02,3
5/28/17,US1,LAP02,2
5/29/17,US1,LAP02,2
5/30/17,US1,LAP02,5
5/31/17,US1,LAP02,2
6/1/17,US1,LAP02,3
6/2/17,US1,LAP02,4
6/3/17,US1,LAP02,4
6/4/17,US1,LAP02,3
6/5/17,US1,LAP02,4
6/6/17,US1,LAP02,3
6/7/17,US1,LAP02,4
6/8/17,US1,LAP02,1
6/9/17,US1,LAP02,2
6/10/17,US1,LAP02,4
6/11/17,US1,LAP02,2
6/12/17,US1,LAP02,1
6/13/17,US1,LAP02,2
6/14/17,US1,LAP02,3
6/15/17,US1,LAP02,2
6/16/17,US1,LAP02,3
6/17/17,US1,LAP02,4
6/18/17,US1,LAP02,4
6/19/17,US1,LAP02,1
6/20/17,US1,LAP02,4
6/21/17,US1,LAP02,3
6/22/17,US1,LAP02,2
6/23/17,US1,LAP02,3
6/24/17,US1,LAP02,4
6/25/17,US1,LAP02,4
6/26/17,US1,LAP02,2
6/27/17,US1,LAP02,3
6/28/17,US1,LAP02,3
6/29/17,US1,LAP02,2
6/30/17,US1,LAP02,2
7/1/17,US1,LAP02,2
7/2/17,US1,LAP02,3
7/3/17,US1,LAP02,3
7/4/17,US1,LAP02,3
7/5/17,US1,LAP02,2
7/6/17,US1,LAP02,2
7/7/17,US1,LAP02,4
7/8/17,US1,LAP02,2
7/9/17,US1,LAP02,4
7/10/17,US1,LAP02,4
7/11/17,US1,LAP02,4
7/12/17,US1,LAP02,3
7/13/17,US1,LAP02,3
7/14/17,US1,LAP02,2
7/15/17,US1,LAP02,2
7/16/17,US1,LAP02,1
7/17/17,US1,LAP02,4
7/18/17,US1,LAP02,2
7/19/17,US1,LAP02,1
7/20/17,US1,LAP02,3
7/21/17,US1,LAP02,3
7/22/17,US1,LAP02,3
7/23/17,US1,LAP02,2
7/24/17,US1,LAP02,4
7/25/17,US1,LAP02,2
7/26/17,US1,LAP02,1
7/27/17,US1,LAP02,2
7/28/17,US1,LAP02,3
7/29/17,US1,LAP02,4
7/30/17,US1,LAP02,3
7/31/17,US1,LAP02,4
8/1/17,US1,LAP02,2
8/2/17,US1,LAP02,2
8/3/17,US1,LAP02,3
8/4/17,US1,LAP02,4
8/5/17,US1,LAP02,4
8/6/17,US1,LAP02,3
8/7/17,US1,LAP02,1
8/8/17,US1,LAP02,2
8/9/17,US1,LAP02,3
8/10/17,US1,LAP02,3
8/11/17,US1,LAP02,4
8/12/17,US1,LAP02,2
8/13/17,US1,LAP02,2
8/14/17,US1,LAP02,4
8/15/17,US1,LAP02,4
8/16/17,US1,LAP02,4
8/17/17,US1,LAP02,2
8/18/17,US1,LAP02,2
8/19/17,US1,LAP02,4
8/20/17,US1,LAP02,2
8/21/17,US1,LAP02,4
8/22/17,US1,LAP02,4
8/23/17,US1,LAP02,4
8/24/17,US1,LAP02,5
8/25/17,US1,LAP02,3
8/26/17,US1,LAP02,3
8/27/17,US1,LAP02,4
8/28/17,US1,LAP02,2
8/29/17,US1,LAP02,4
8/30/17,US1,LAP02,2
8/31/17,US1,LAP02,4
9/1/17,US1,LAP02,2
9/2/17,US1,LAP02,3
9/3/17,US1,LAP02,1
9/4/17,US1,LAP02,3
9/5/17,US1,LAP02,2
9/6/17,US1,LAP02,3
9/7/17,US1,LAP02,4
9/8/17,US1,LAP02,2
9/9/17,US1,LAP02,4
9/10/17,US1,LAP02,4
9/11/17,US1,LAP02,2
9/12/17,US1,LAP02,2
9/13/17,US1,LAP02,4
9/14/17,US1,LAP02,2
9/15/17,US1,LAP02,2
9/16/17,US1,LAP02,3
9/17/17,US1,LAP02,3
9/18/17,US1,LAP02,4
9/19/17,US1,LAP02,1
9/20/17,US1,LAP02,3
9/21/17,US1,LAP02,4
9/22/17,US1,LAP02,2
9/23/17,US1,LAP02,1
9/24/17,US1,LAP02,3
9/25/17,US1,LAP02,4
9/26/17,US1,LAP02,3
9/27/17,US1,LAP02,3
9/28/17,US1,LAP02,1
9/29/17,US1,LAP02,2
9/30/17,US1,LAP02,5
10/1/17,US1,LAP02,2
10/2/17,US1,LAP02,3
10/3/17,US1,LAP02,5
10/4/17,US1,LAP02,2
10/5/17,US1,LAP02,5
10/6/17,US1,LAP02,4
10/7/17,US1,LAP02,2
10/8/17,US1,LAP02,3
10/9/17,US1,LAP02,2
10/10/17,US1,LAP02,4
10/11/17,US1,LAP02,3
10/12/17,US1,LAP02,4
10/13/17,US1,LAP02,1
10/14/17,US1,LAP02,4
10/15/17,US1,LAP02,4
10/16/17,US1,LAP02,3
10/17/17,US1,LAP02,4
10/18/17,US1,LAP02,2
10/19/17,US1,LAP02,4
10/20/17,US1,LAP02,4
10/21/17,US1,LAP02,4
10/22/17,US1,LAP02,1
10/23/17,US1,LAP02,5
10/24/17,US1,LAP02,5
10/25/17,US1,LAP02,4
10/26/17,US1,LAP02,3
10/27/17,US1,LAP02,3
10/28/17,US1,LAP02,4
10/29/17,US1,LAP02,4
10/30/17,US1,LAP02,5
10/31/17,US1,LAP02,1
11/1/17,US1,LAP02,5
11/2/17,US1,LAP02,3
11/3/17,US1,LAP02,2
11/4/17,US1,LAP02,1
11/5/17,US1,LAP02,3
11/6/17,US1,LAP02,4
11/7/17,US1,LAP02,4
11/8/17,US1,LAP02,2
11/9/17,US1,LAP02,4
11/10/17,US1,LAP02,3
11/11/17,US1,LAP02,3
11/12/17,US1,LAP02,2
11/13/17,US1,LAP02,6
11/14/17,US1,LAP02,3
11/15/17,US1,LAP02,4
11/16/17,US1,LAP02,4
11/17/17,US1,LAP02,2
11/18/17,US1,LAP02,2
11/19/17,US1,LAP02,3
11/20/17,US1,LAP02,3
11/21/17,US1,LAP02,2
11/22/17,US1,LAP02,3
11/23/17,US1,LAP02,4
11/24/17,US1,LAP02,2
11/25/17,US1,LAP02,4
11/26/17,US1,LAP02,3
11/27/17,US1,LAP02,5
11/28/17,US1,LAP02,2
11/29/17,US1,LAP02,1
11/30/17,US1,LAP02,4
12/1/17,US1,LAP02,3
12/2/17,US1,LAP02,4
12/3/17,US1,LAP02,2
12/4/17,US1,LAP02,4
12/5/17,US1,LAP02,4
12/6/17,US1,LAP02,5
12/7/17,US1,LAP02,4
12/8/17,US1,LAP02,4
12/9/17,US1,LAP02,2
12/10/17,US1,LAP02,4
12/11/17,US1,LAP02,3
12/12/17,US1,LAP02,3
12/13/17,US1,LAP02,3
12/14/17,US1,LAP02,4
12/15/17,US1,LAP02,2
12/16/17,US1,LAP02,1
12/17/17,US1,LAP02,2
12/18/17,US1,LAP02,2
12/19/17,US1,LAP02,2
12/20/17,US1,LAP02,2
12/21/17,US1,LAP02,2
12/22/17,US1,LAP02,1
12/23/17,US1,LAP02,4
12/24/17,US1,LAP02,2
12/25/17,US1,LAP02,4
12/26/17,US1,LAP02,5
12/27/17,US1,LAP02,4
12/28/17,US1,LAP02,3
12/29/17,US1,LAP02,4
12/30/17,US1,LAP02,2
12/31/17,US1,LAP02,4
1/1/16,US1,LAP03,4
1/2/16,US1,LAP03,4
1/3/16,US1,LAP03,2
1/4/16,US1,LAP03,4
1/5/16,US1,LAP03,2
1/6/16,US1,LAP03,2
1/7/16,US1,LAP03,2
1/8/16,US1,LAP03,4
1/9/16,US1,LAP03,5
1/10/16,US1,LAP03,4
1/11/16,US1,LAP03,4
1/12/16,US1,LAP03,4
1/13/16,US1,LAP03,5
1/14/16,US1,LAP03,4
1/15/16,US1,LAP03,2
1/16/16,US1,LAP03,5
1/17/16,US1,LAP03,2
1/18/16,US1,LAP03,4
1/19/16,US1,LAP03,5
1/20/16,US1,LAP03,4
1/21/16,US1,LAP03,5
1/22/16,US1,LAP03,4
1/23/16,US1,LAP03,4
1/24/16,US1,LAP03,5
1/25/16,US1,LAP03,5
1/26/16,US1,LAP03,6
1/27/16,US1,LAP03,3
1/28/16,US1,LAP03,2
1/29/16,US1,LAP03,3
1/30/16,US1,LAP03,4
1/31/16,US1,LAP03,3
2/1/16,US1,LAP03,3
2/2/16,US1,LAP03,5
2/3/16,US1,LAP03,2
2/4/16,US1,LAP03,4
2/5/16,US1,LAP03,4
2/6/16,US1,LAP03,4
2/7/16,US1,LAP03,4
2/8/16,US1,LAP03,4
2/9/16,US1,LAP03,4
2/10/16,US1,LAP03,3
2/11/16,US1,LAP03,4
2/12/16,US1,LAP03,4
2/13/16,US1,LAP03,4
2/14/16,US1,LAP03,4
2/15/16,US1,LAP03,4
2/16/16,US1,LAP03,4
2/17/16,US1,LAP03,2
2/18/16,US1,LAP03,3
2/19/16,US1,LAP03,3
2/20/16,US1,LAP03,3
2/21/16,US1,LAP03,4
2/22/16,US1,LAP03,4
2/23/16,US1,LAP03,3
2/24/16,US1,LAP03,4
2/25/16,US1,LAP03,4
2/26/16,US1,LAP03,5
2/27/16,US1,LAP03,3
2/28/16,US1,LAP03,4
2/29/16,US1,LAP03,1
3/1/16,US1,LAP03,4
3/2/16,US1,LAP03,2
3/3/16,US1,LAP03,4
3/4/16,US1,LAP03,5
3/5/16,US1,LAP03,4
3/6/16,US1,LAP03,3
3/7/16,US1,LAP03,4
3/8/16,US1,LAP03,3
3/9/16,US1,LAP03,3
3/10/16,US1,LAP03,4
3/11/16,US1,LAP03,2
3/12/16,US1,LAP03,3
3/13/16,US1,LAP03,3
3/14/16,US1,LAP03,5
3/15/16,US1,LAP03,3
3/16/16,US1,LAP03,4
3/17/16,US1,LAP03,2
3/18/16,US1,LAP03,4
3/19/16,US1,LAP03,3
3/20/16,US1,LAP03,4
3/21/16,US1,LAP03,4
3/22/16,US1,LAP03,5
3/23/16,US1,LAP03,5
3/24/16,US1,LAP03,5
3/25/16,US1,LAP03,5
3/26/16,US1,LAP03,3
3/27/16,US1,LAP03,5
3/28/16,US1,LAP03,5
3/29/16,US1,LAP03,5
3/30/16,US1,LAP03,2
3/31/16,US1,LAP03,4
4/1/16,US1,LAP03,4
4/2/16,US1,LAP03,2
4/3/16,US1,LAP03,4
4/4/16,US1,LAP03,3
4/5/16,US1,LAP03,4
4/6/16,US1,LAP03,5
4/7/16,US1,LAP03,4
4/8/16,US1,LAP03,3
4/9/16,US1,LAP03,2
4/10/16,US1,LAP03,3
4/11/16,US1,LAP03,2
4/12/16,US1,LAP03,4
4/13/16,US1,LAP03,2
4/14/16,US1,LAP03,2
4/15/16,US1,LAP03,2
4/16/16,US1,LAP03,4
4/17/16,US1,LAP03,4
4/18/16,US1,LAP03,4
4/19/16,US1,LAP03,3
4/20/16,US1,LAP03,4
4/21/16,US1,LAP03,2
4/22/16,US1,LAP03,3
4/23/16,US1,LAP03,2
4/24/16,US1,LAP03,4
4/25/16,US1,LAP03,2
4/26/16,US1,LAP03,4
4/27/16,US1,LAP03,2
4/28/16,US1,LAP03,4
4/29/16,US1,LAP03,4
4/30/16,US1,LAP03,4
5/1/16,US1,LAP03,5
5/2/16,US1,LAP03,4
5/3/16,US1,LAP03,4
5/4/16,US1,LAP03,2
5/5/16,US1,LAP03,4
5/6/16,US1,LAP03,3
5/7/16,US1,LAP03,4
5/8/16,US1,LAP03,4
5/9/16,US1,LAP03,4
5/10/16,US1,LAP03,5
5/11/16,US1,LAP03,5
5/12/16,US1,LAP03,3
5/13/16,US1,LAP03,4
5/14/16,US1,LAP03,3
5/15/16,US1,LAP03,5
5/16/16,US1,LAP03,1
5/17/16,US1,LAP03,5
5/18/16,US1,LAP03,4
5/19/16,US1,LAP03,3
5/20/16,US1,LAP03,5
5/21/16,US1,LAP03,4
5/22/16,US1,LAP03,3
5/23/16,US1,LAP03,5
5/24/16,US1,LAP03,2
5/25/16,US1,LAP03,4
5/26/16,US1,LAP03,4
5/27/16,US1,LAP03,2
5/28/16,US1,LAP03,4
5/29/16,US1,LAP03,3
5/30/16,US1,LAP03,4
5/31/16,US1,LAP03,3
6/1/16,US1,LAP03,2
6/2/16,US1,LAP03,5
6/3/16,US1,LAP03,3
6/4/16,US1,LAP03,4
6/5/16,US1,LAP03,4
6/6/16,US1,LAP03,5
6/7/16,US1,LAP03,5
6/8/16,US1,LAP03,4
6/9/16,US1,LAP03,4
6/10/16,US1,LAP03,2
6/11/16,US1,LAP03,6
6/12/16,US1,LAP03,2
6/13/16,US1,LAP03,4
6/14/16,US1,LAP03,5
6/15/16,US1,LAP03,2
6/16/16,US1,LAP03,2
6/17/16,US1,LAP03,3
6/18/16,US1,LAP03,4
6/19/16,US1,LAP03,3
6/20/16,US1,LAP03,3
6/21/16,US1,LAP03,3
6/22/16,US1,LAP03,5
6/23/16,US1,LAP03,4
6/24/16,US1,LAP03,4
6/25/16,US1,LAP03,4
6/26/16,US1,LAP03,5
6/27/16,US1,LAP03,3
6/28/16,US1,LAP03,3
6/29/16,US1,LAP03,4
6/30/16,US1,LAP03,1
7/1/16,US1,LAP03,4
7/2/16,US1,LAP03,4
7/3/16,US1,LAP03,4
7/4/16,US1,LAP03,4
7/5/16,US1,LAP03,5
7/6/16,US1,LAP03,4
7/7/16,US1,LAP03,2
7/8/16,US1,LAP03,3
7/9/16,US1,LAP03,5
7/10/16,US1,LAP03,2
7/11/16,US1,LAP03,3
7/12/16,US1,LAP03,4
7/13/16,US1,LAP03,4
7/14/16,US1,LAP03,3
7/15/16,US1,LAP03,3
7/16/16,US1,LAP03,2
7/17/16,US1,LAP03,4
7/18/16,US1,LAP03,4
7/19/16,US1,LAP03,4
7/20/16,US1,LAP03,4
7/21/16,US1,LAP03,4
7/22/16,US1,LAP03,2
7/23/16,US1,LAP03,3
7/24/16,US1,LAP03,3
7/25/16,US1,LAP03,3
7/26/16,US1,LAP03,4
7/27/16,US1,LAP03,4
7/28/16,US1,LAP03,1
7/29/16,US1,LAP03,4
7/30/16,US1,LAP03,3
7/31/16,US1,LAP03,3
8/1/16,US1,LAP03,2
8/2/16,US1,LAP03,3
8/3/16,US1,LAP03,3
8/4/16,US1,LAP03,4
8/5/16,US1,LAP03,4
8/6/16,US1,LAP03,4
8/7/16,US1,LAP03,4
8/8/16,US1,LAP03,2
8/9/16,US1,LAP03,5
8/10/16,US1,LAP03,2
8/11/16,US1,LAP03,3
8/12/16,US1,LAP03,5
8/13/16,US1,LAP03,5
8/14/16,US1,LAP03,4
8/15/16,US1,LAP03,4
8/16/16,US1,LAP03,2
8/17/16,US1,LAP03,5
8/18/16,US1,LAP03,4
8/19/16,US1,LAP03,5
8/20/16,US1,LAP03,3
8/21/16,US1,LAP03,2
8/22/16,US1,LAP03,4
8/23/16,US1,LAP03,4
8/24/16,US1,LAP03,3
8/25/16,US1,LAP03,2
8/26/16,US1,LAP03,5
8/27/16,US1,LAP03,5
8/28/16,US1,LAP03,4
8/29/16,US1,LAP03,4
8/30/16,US1,LAP03,5
8/31/16,US1,LAP03,4
9/1/16,US1,LAP03,4
9/2/16,US1,LAP03,4
9/3/16,US1,LAP03,2
9/4/16,US1,LAP03,4
9/5/16,US1,LAP03,3
9/6/16,US1,LAP03,4
9/7/16,US1,LAP03,4
9/8/16,US1,LAP03,2
9/9/16,US1,LAP03,5
9/10/16,US1,LAP03,2
9/11/16,US1,LAP03,4
9/12/16,US1,LAP03,3
9/13/16,US1,LAP03,5
9/14/16,US1,LAP03,4
9/15/16,US1,LAP03,3
9/16/16,US1,LAP03,5
9/17/16,US1,LAP03,3
9/18/16,US1,LAP03,4
9/19/16,US1,LAP03,2
9/20/16,US1,LAP03,5
9/21/16,US1,LAP03,4
9/22/16,US1,LAP03,5
9/23/16,US1,LAP03,5
9/24/16,US1,LAP03,2
9/25/16,US1,LAP03,4
9/26/16,US1,LAP03,4
9/27/16,US1,LAP03,2
9/28/16,US1,LAP03,2
9/29/16,US1,LAP03,4
9/30/16,US1,LAP03,3
10/1/16,US1,LAP03,4
10/2/16,US1,LAP03,4
10/3/16,US1,LAP03,2
10/4/16,US1,LAP03,5
10/5/16,US1,LAP03,3
10/6/16,US1,LAP03,3
10/7/16,US1,LAP03,2
10/8/16,US1,LAP03,2
10/9/16,US1,LAP03,3
10/10/16,US1,LAP03,4
10/11/16,US1,LAP03,3
10/12/16,US1,LAP03,3
10/13/16,US1,LAP03,5
10/14/16,US1,LAP03,4
10/15/16,US1,LAP03,3
10/16/16,US1,LAP03,3
10/17/16,US1,LAP03,3
10/18/16,US1,LAP03,4
10/19/16,US1,LAP03,3
10/20/16,US1,LAP03,2
10/21/16,US1,LAP03,3
10/22/16,US1,LAP03,4
10/23/16,US1,LAP03,3
10/24/16,US1,LAP03,3
10/25/16,US1,LAP03,4
10/26/16,US1,LAP03,4
10/27/16,US1,LAP03,3
10/28/16,US1,LAP03,6
10/29/16,US1,LAP03,4
10/30/16,US1,LAP03,3
10/31/16,US1,LAP03,4
11/1/16,US1,LAP03,2
11/2/16,US1,LAP03,5
11/3/16,US1,LAP03,3
11/4/16,US1,LAP03,3
11/5/16,US1,LAP03,4
11/6/16,US1,LAP03,4
11/7/16,US1,LAP03,5
11/8/16,US1,LAP03,2
11/9/16,US1,LAP03,4
11/10/16,US1,LAP03,5
11/11/16,US1,LAP03,4
11/12/16,US1,LAP03,5
11/13/16,US1,LAP03,4
11/14/16,US1,LAP03,4
11/15/16,US1,LAP03,4
11/16/16,US1,LAP03,4
11/17/16,US1,LAP03,3
11/18/16,US1,LAP03,2
11/19/16,US1,LAP03,4
11/20/16,US1,LAP03,4
11/21/16,US1,LAP03,2
11/22/16,US1,LAP03,3
11/23/16,US1,LAP03,4
11/24/16,US1,LAP03,2
11/25/16,US1,LAP03,3
11/26/16,US1,LAP03,4
11/27/16,US1,LAP03,5
11/28/16,US1,LAP03,4
11/29/16,US1,LAP03,4
11/30/16,US1,LAP03,2
12/1/16,US1,LAP03,4
12/2/16,US1,LAP03,5
12/3/16,US1,LAP03,2
12/4/16,US1,LAP03,6
12/5/16,US1,LAP03,4
12/6/16,US1,LAP03,4
12/7/16,US1,LAP03,4
12/8/16,US1,LAP03,5
12/9/16,US1,LAP03,4
12/10/16,US1,LAP03,3
12/11/16,US1,LAP03,4
12/12/16,US1,LAP03,4
12/13/16,US1,LAP03,4
12/14/16,US1,LAP03,4
12/15/16,US1,LAP03,2
12/16/16,US1,LAP03,4
12/17/16,US1,LAP03,6
12/18/16,US1,LAP03,3
12/19/16,US1,LAP03,5
12/20/16,US1,LAP03,3
12/21/16,US1,LAP03,4
12/22/16,US1,LAP03,5
12/23/16,US1,LAP03,5
12/24/16,US1,LAP03,3
12/25/16,US1,LAP03,5
12/26/16,US1,LAP03,3
12/27/16,US1,LAP03,4
12/28/16,US1,LAP03,4
12/29/16,US1,LAP03,5
12/30/16,US1,LAP03,3
12/31/16,US1,LAP03,2
1/1/17,US1,LAP03,4
1/2/17,US1,LAP03,3
1/3/17,US1,LAP03,4
1/4/17,US1,LAP03,4
1/5/17,US1,LAP03,3
1/6/17,US1,LAP03,5
1/7/17,US1,LAP03,3
1/8/17,US1,LAP03,4
1/9/17,US1,LAP03,4
1/10/17,US1,LAP03,4
1/11/17,US1,LAP03,4
1/12/17,US1,LAP03,5
1/13/17,US1,LAP03,5
1/14/17,US1,LAP03,5
1/15/17,US1,LAP03,4
1/16/17,US1,LAP03,6
1/17/17,US1,LAP03,4
1/18/17,US1,LAP03,4
1/19/17,US1,LAP03,4
1/20/17,US1,LAP03,4
1/21/17,US1,LAP03,4
1/22/17,US1,LAP03,3
1/23/17,US1,LAP03,2
1/24/17,US1,LAP03,5
1/25/17,US1,LAP03,4
1/26/17,US1,LAP03,3
1/27/17,US1,LAP03,4
1/28/17,US1,LAP03,2
1/29/17,US1,LAP03,4
1/30/17,US1,LAP03,2
1/31/17,US1,LAP03,2
2/1/17,US1,LAP03,4
2/2/17,US1,LAP03,4
2/3/17,US1,LAP03,2
2/4/17,US1,LAP03,4
2/5/17,US1,LAP03,2
2/6/17,US1,LAP03,4
2/7/17,US1,LAP03,4
2/8/17,US1,LAP03,3
2/9/17,US1,LAP03,3
2/10/17,US1,LAP03,3
2/11/17,US1,LAP03,4
2/12/17,US1,LAP03,4
2/13/17,US1,LAP03,2
2/14/17,US1,LAP03,4
2/15/17,US1,LAP03,3
2/16/17,US1,LAP03,3
2/17/17,US1,LAP03,5
2/18/17,US1,LAP03,5
2/19/17,US1,LAP03,4
2/20/17,US1,LAP03,4
2/21/17,US1,LAP03,4
2/22/17,US1,LAP03,5
2/23/17,US1,LAP03,3
2/24/17,US1,LAP03,5
2/25/17,US1,LAP03,4
2/26/17,US1,LAP03,2
2/27/17,US1,LAP03,2
2/28/17,US1,LAP03,4
3/1/17,US1,LAP03,4
3/2/17,US1,LAP03,4
3/3/17,US1,LAP03,2
3/4/17,US1,LAP03,3
3/5/17,US1,LAP03,4
3/6/17,US1,LAP03,3
3/7/17,US1,LAP03,5
3/8/17,US1,LAP03,5
3/9/17,US1,LAP03,4
3/10/17,US1,LAP03,5
3/11/17,US1,LAP03,5
3/12/17,US1,LAP03,4
3/13/17,US1,LAP03,4
3/14/17,US1,LAP03,5
3/15/17,US1,LAP03,3
3/16/17,US1,LAP03,3
3/17/17,US1,LAP03,4
3/18/17,US1,LAP03,6
3/19/17,US1,LAP03,5
3/20/17,US1,LAP03,4
3/21/17,US1,LAP03,4
3/22/17,US1,LAP03,4
3/23/17,US1,LAP03,2
3/24/17,US1,LAP03,4
3/25/17,US1,LAP03,7
3/26/17,US1,LAP03,3
3/27/17,US1,LAP03,1
3/28/17,US1,LAP03,4
3/29/17,US1,LAP03,4
3/30/17,US1,LAP03,2
3/31/17,US1,LAP03,2
4/1/17,US1,LAP03,4
4/2/17,US1,LAP03,5
4/3/17,US1,LAP03,6
4/4/17,US1,LAP03,4
4/5/17,US1,LAP03,5
4/6/17,US1,LAP03,4
4/7/17,US1,LAP03,4
4/8/17,US1,LAP03,4
4/9/17,US1,LAP03,2
4/10/17,US1,LAP03,2
4/11/17,US1,LAP03,4
4/12/17,US1,LAP03,3
4/13/17,US1,LAP03,3
4/14/17,US1,LAP03,2
4/15/17,US1,LAP03,4
4/16/17,US1,LAP03,2
4/17/17,US1,LAP03,4
4/18/17,US1,LAP03,4
4/19/17,US1,LAP03,4
4/20/17,US1,LAP03,4
4/21/17,US1,LAP03,4
4/22/17,US1,LAP03,3
4/23/17,US1,LAP03,5
4/24/17,US1,LAP03,6
4/25/17,US1,LAP03,4
4/26/17,US1,LAP03,5
4/27/17,US1,LAP03,3
4/28/17,US1,LAP03,5
4/29/17,US1,LAP03,4
4/30/17,US1,LAP03,5
5/1/17,US1,LAP03,4
5/2/17,US1,LAP03,3
5/3/17,US1,LAP03,4
5/4/17,US1,LAP03,5
5/5/17,US1,LAP03,2
5/6/17,US1,LAP03,5
5/7/17,US1,LAP03,4
5/8/17,US1,LAP03,3
5/9/17,US1,LAP03,2
5/10/17,US1,LAP03,4
5/11/17,US1,LAP03,5
5/12/17,US1,LAP03,3
5/13/17,US1,LAP03,3
5/14/17,US1,LAP03,5
5/15/17,US1,LAP03,5
5/16/17,US1,LAP03,3
5/17/17,US1,LAP03,3
5/18/17,US1,LAP03,4
5/19/17,US1,LAP03,4
5/20/17,US1,LAP03,5
5/21/17,US1,LAP03,5
5/22/17,US1,LAP03,3
5/23/17,US1,LAP03,3
5/24/17,US1,LAP03,4
5/25/17,US1,LAP03,5
5/26/17,US1,LAP03,5
5/27/17,US1,LAP03,4
5/28/17,US1,LAP03,2
5/29/17,US1,LAP03,1
5/30/17,US1,LAP03,2
5/31/17,US1,LAP03,4
6/1/17,US1,LAP03,4
6/2/17,US1,LAP03,4
6/3/17,US1,LAP03,3
6/4/17,US1,LAP03,5
6/5/17,US1,LAP03,5
6/6/17,US1,LAP03,4
6/7/17,US1,LAP03,2
6/8/17,US1,LAP03,3
6/9/17,US1,LAP03,4
6/10/17,US1,LAP03,5
6/11/17,US1,LAP03,2
6/12/17,US1,LAP03,4
6/13/17,US1,LAP03,4
6/14/17,US1,LAP03,4
6/15/17,US1,LAP03,5
6/16/17,US1,LAP03,5
6/17/17,US1,LAP03,2
6/18/17,US1,LAP03,4
6/19/17,US1,LAP03,4
6/20/17,US1,LAP03,3
6/21/17,US1,LAP03,4
6/22/17,US1,LAP03,6
6/23/17,US1,LAP03,5
6/24/17,US1,LAP03,4
6/25/17,US1,LAP03,2
6/26/17,US1,LAP03,4
6/27/17,US1,LAP03,5
6/28/17,US1,LAP03,3
6/29/17,US1,LAP03,4
6/30/17,US1,LAP03,4
7/1/17,US1,LAP03,3
7/2/17,US1,LAP03,2
7/3/17,US1,LAP03,2
7/4/17,US1,LAP03,4
7/5/17,US1,LAP03,4
7/6/17,US1,LAP03,4
7/7/17,US1,LAP03,4
7/8/17,US1,LAP03,5
7/9/17,US1,LAP03,3
7/10/17,US1,LAP03,3
7/11/17,US1,LAP03,6
7/12/17,US1,LAP03,4
7/13/17,US1,LAP03,5
7/14/17,US1,LAP03,4
7/15/17,US1,LAP03,5
7/16/17,US1,LAP03,5
7/17/17,US1,LAP03,4
7/18/17,US1,LAP03,3
7/19/17,US1,LAP03,4
7/20/17,US1,LAP03,4
7/21/17,US1,LAP03,3
7/22/17,US1,LAP03,2
7/23/17,US1,LAP03,4
7/24/17,US1,LAP03,4
7/25/17,US1,LAP03,3
7/26/17,US1,LAP03,4
7/27/17,US1,LAP03,4
7/28/17,US1,LAP03,5
7/29/17,US1,LAP03,4
7/30/17,US1,LAP03,4
7/31/17,US1,LAP03,3
8/1/17,US1,LAP03,2
8/2/17,US1,LAP03,4
8/3/17,US1,LAP03,4
8/4/17,US1,LAP03,5
8/5/17,US1,LAP03,4
8/6/17,US1,LAP03,4
8/7/17,US1,LAP03,2
8/8/17,US1,LAP03,4
8/9/17,US1,LAP03,4
8/10/17,US1,LAP03,3
8/11/17,US1,LAP03,5
8/12/17,US1,LAP03,5
8/13/17,US1,LAP03,4
8/14/17,US1,LAP03,2
8/15/17,US1,LAP03,5
8/16/17,US1,LAP03,4
8/17/17,US1,LAP03,4
8/18/17,US1,LAP03,5
8/19/17,US1,LAP03,4
8/20/17,US1,LAP03,2
8/21/17,US1,LAP03,2
8/22/17,US1,LAP03,4
8/23/17,US1,LAP03,3
8/24/17,US1,LAP03,3
8/25/17,US1,LAP03,4
8/26/17,US1,LAP03,2
8/27/17,US1,LAP03,5
8/28/17,US1,LAP03,2
8/29/17,US1,LAP03,3
8/30/17,US1,LAP03,4
8/31/17,US1,LAP03,3
9/1/17,US1,LAP03,5
9/2/17,US1,LAP03,5
9/3/17,US1,LAP03,3
9/4/17,US1,LAP03,4
9/5/17,US1,LAP03,3
9/6/17,US1,LAP03,2
9/7/17,US1,LAP03,4
9/8/17,US1,LAP03,4
9/9/17,US1,LAP03,2
9/10/17,US1,LAP03,4
9/11/17,US1,LAP03,4
9/12/17,US1,LAP03,4
9/13/17,US1,LAP03,3
9/14/17,US1,LAP03,2
9/15/17,US1,LAP03,4
9/16/17,US1,LAP03,4
9/17/17,US1,LAP03,2
9/18/17,US1,LAP03,2
9/19/17,US1,LAP03,4
9/20/17,US1,LAP03,4
9/21/17,US1,LAP03,4
9/22/17,US1,LAP03,3
9/23/17,US1,LAP03,3
9/24/17,US1,LAP03,2
9/25/17,US1,LAP03,5
9/26/17,US1,LAP03,3
9/27/17,US1,LAP03,5
9/28/17,US1,LAP03,3
9/29/17,US1,LAP03,5
9/30/17,US1,LAP03,4
10/1/17,US1,LAP03,4
10/2/17,US1,LAP03,5
10/3/17,US1,LAP03,4
10/4/17,US1,LAP03,4
10/5/17,US1,LAP03,3
10/6/17,US1,LAP03,3
10/7/17,US1,LAP03,2
10/8/17,US1,LAP03,3
10/9/17,US1,LAP03,2
10/10/17,US1,LAP03,4
10/11/17,US1,LAP03,5
10/12/17,US1,LAP03,3
10/13/17,US1,LAP03,3
10/14/17,US1,LAP03,4
10/15/17,US1,LAP03,4
10/16/17,US1,LAP03,3
10/17/17,US1,LAP03,4
10/18/17,US1,LAP03,2
10/19/17,US1,LAP03,4
10/20/17,US1,LAP03,3
10/21/17,US1,LAP03,4
10/22/17,US1,LAP03,4
10/23/17,US1,LAP03,3
10/24/17,US1,LAP03,5
10/25/17,US1,LAP03,5
10/26/17,US1,LAP03,5
10/27/17,US1,LAP03,2
10/28/17,US1,LAP03,4
10/29/17,US1,LAP03,3
10/30/17,US1,LAP03,4
10/31/17,US1,LAP03,4
11/1/17,US1,LAP03,3
11/2/17,US1,LAP03,2
11/3/17,US1,LAP03,4
11/4/17,US1,LAP03,4
11/5/17,US1,LAP03,4
11/6/17,US1,LAP03,4
11/7/17,US1,LAP03,5
11/8/17,US1,LAP03,4
11/9/17,US1,LAP03,4
11/10/17,US1,LAP03,3
11/11/17,US1,LAP03,4
11/12/17,US1,LAP03,4
11/13/17,US1,LAP03,5
11/14/17,US1,LAP03,5
11/15/17,US1,LAP03,4
11/16/17,US1,LAP03,5
11/17/17,US1,LAP03,3
11/18/17,US1,LAP03,3
11/19/17,US1,LAP03,4
11/20/17,US1,LAP03,5
11/21/17,US1,LAP03,2
11/22/17,US1,LAP03,2
11/23/17,US1,LAP03,5
11/24/17,US1,LAP03,2
11/25/17,US1,LAP03,4
11/26/17,US1,LAP03,5
11/27/17,US1,LAP03,5
11/28/17,US1,LAP03,5
11/29/17,US1,LAP03,2
11/30/17,US1,LAP03,4
12/1/17,US1,LAP03,5
12/2/17,US1,LAP03,5
12/3/17,US1,LAP03,2
12/4/17,US1,LAP03,4
12/5/17,US1,LAP03,4
12/6/17,US1,LAP03,5
12/7/17,US1,LAP03,4
12/8/17,US1,LAP03,3
12/9/17,US1,LAP03,3
12/10/17,US1,LAP03,4
12/11/17,US1,LAP03,3
12/12/17,US1,LAP03,4
12/13/17,US1,LAP03,4
12/14/17,US1,LAP03,3
12/15/17,US1,LAP03,2
12/16/17,US1,LAP03,2
12/17/17,US1,LAP03,4
12/18/17,US1,LAP03,2
12/19/17,US1,LAP03,5
12/20/17,US1,LAP03,4
12/21/17,US1,LAP03,4
12/22/17,US1,LAP03,5
12/23/17,US1,LAP03,4
12/24/17,US1,LAP03,4
12/25/17,US1,LAP03,4
12/26/17,US1,LAP03,5
12/27/17,US1,LAP03,3
12/28/17,US1,LAP03,2
12/29/17,US1,LAP03,2
12/30/17,US1,LAP03,4
12/31/17,US1,LAP03,4
1/1/16,US1,USB01,7
1/2/16,US1,USB01,6
1/3/16,US1,USB01,7
1/4/16,US1,USB01,5
1/5/16,US1,USB01,6
1/6/16,US1,USB01,7
1/7/16,US1,USB01,5
1/8/16,US1,USB01,5
1/9/16,US1,USB01,6
1/10/16,US1,USB01,6
1/11/16,US1,USB01,7
1/12/16,US1,USB01,5
1/13/16,US1,USB01,5
1/14/16,US1,USB01,6
1/15/16,US1,USB01,5
1/16/16,US1,USB01,5
1/17/16,US1,USB01,7
1/18/16,US1,USB01,7
1/19/16,US1,USB01,5
1/20/16,US1,USB01,6
1/21/16,US1,USB01,5
1/22/16,US1,USB01,6
1/23/16,US1,USB01,6
1/24/16,US1,USB01,6
1/25/16,US1,USB01,5
1/26/16,US1,USB01,5
1/27/16,US1,USB01,5
1/28/16,US1,USB01,5
1/29/16,US1,USB01,6
1/30/16,US1,USB01,6
1/31/16,US1,USB01,6
2/1/16,US1,USB01,5
2/2/16,US1,USB01,7
2/3/16,US1,USB01,6
2/4/16,US1,USB01,5
2/5/16,US1,USB01,7
2/6/16,US1,USB01,5
2/7/16,US1,USB01,5
2/8/16,US1,USB01,5
2/9/16,US1,USB01,7
2/10/16,US1,USB01,6
2/11/16,US1,USB01,7
2/12/16,US1,USB01,6
2/13/16,US1,USB01,7
2/14/16,US1,USB01,7
2/15/16,US1,USB01,7
2/16/16,US1,USB01,7
2/17/16,US1,USB01,7
2/18/16,US1,USB01,6
2/19/16,US1,USB01,6
2/20/16,US1,USB01,6
2/21/16,US1,USB01,5
2/22/16,US1,USB01,5
2/23/16,US1,USB01,7
2/24/16,US1,USB01,6
2/25/16,US1,USB01,5
2/26/16,US1,USB01,6
2/27/16,US1,USB01,5
2/28/16,US1,USB01,6
2/29/16,US1,USB01,6
3/1/16,US1,USB01,5
3/2/16,US1,USB01,5
3/3/16,US1,USB01,7
3/4/16,US1,USB01,5
3/5/16,US1,USB01,8
3/6/16,US1,USB01,7
3/7/16,US1,USB01,5
3/8/16,US1,USB01,5
3/9/16,US1,USB01,7
3/10/16,US1,USB01,5
3/11/16,US1,USB01,7
3/12/16,US1,USB01,5
3/13/16,US1,USB01,7
3/14/16,US1,USB01,7
3/15/16,US1,USB01,7
3/16/16,US1,USB01,6
3/17/16,US1,USB01,7
3/18/16,US1,USB01,7
3/19/16,US1,USB01,6
3/20/16,US1,USB01,5
3/21/16,US1,USB01,6
3/22/16,US1,USB01,7
3/23/16,US1,USB01,7
3/24/16,US1,USB01,5
3/25/16,US1,USB01,7
3/26/16,US1,USB01,7
3/27/16,US1,USB01,7
3/28/16,US1,USB01,6
3/29/16,US1,USB01,7
3/30/16,US1,USB01,7
3/31/16,US1,USB01,5
4/1/16,US1,USB01,5
4/2/16,US1,USB01,7
4/3/16,US1,USB01,6
4/4/16,US1,USB01,7
4/5/16,US1,USB01,6
4/6/16,US1,USB01,7
4/7/16,US1,USB01,6
4/8/16,US1,USB01,5
4/9/16,US1,USB01,6
4/10/16,US1,USB01,7
4/11/16,US1,USB01,6
4/12/16,US1,USB01,7
4/13/16,US1,USB01,7
4/14/16,US1,USB01,6
4/15/16,US1,USB01,7
4/16/16,US1,USB01,7
4/17/16,US1,USB01,7
4/18/16,US1,USB01,6
4/19/16,US1,USB01,6
4/20/16,US1,USB01,7
4/21/16,US1,USB01,6
4/22/16,US1,USB01,6
4/23/16,US1,USB01,7
4/24/16,US1,USB01,6
4/25/16,US1,USB01,5
4/26/16,US1,USB01,6
4/27/16,US1,USB01,7
4/28/16,US1,USB01,7
4/29/16,US1,USB01,5
4/30/16,US1,USB01,6
5/1/16,US1,USB01,6
5/2/16,US1,USB01,6
5/3/16,US1,USB01,6
5/4/16,US1,USB01,6
5/5/16,US1,USB01,6
5/6/16,US1,USB01,5
5/7/16,US1,USB01,5
5/8/16,US1,USB01,7
5/9/16,US1,USB01,5
5/10/16,US1,USB01,6
5/11/16,US1,USB01,7
5/12/16,US1,USB01,6
5/13/16,US1,USB01,6
5/14/16,US1,USB01,6
5/15/16,US1,USB01,7
5/16/16,US1,USB01,6
5/17/16,US1,USB01,6
5/18/16,US1,USB01,7
5/19/16,US1,USB01,5
5/20/16,US1,USB01,6
5/21/16,US1,USB01,5
5/22/16,US1,USB01,6
5/23/16,US1,USB01,5
5/24/16,US1,USB01,5
5/25/16,US1,USB01,6
5/26/16,US1,USB01,6
5/27/16,US1,USB01,5
5/28/16,US1,USB01,7
5/29/16,US1,USB01,6
5/30/16,US1,USB01,6
5/31/16,US1,USB01,7
6/1/16,US1,USB01,6
6/2/16,US1,USB01,6
6/3/16,US1,USB01,6
6/4/16,US1,USB01,5
6/5/16,US1,USB01,7
6/6/16,US1,USB01,7
6/7/16,US1,USB01,6
6/8/16,US1,USB01,7
6/9/16,US1,USB01,6
6/10/16,US1,USB01,5
6/11/16,US1,USB01,7
6/12/16,US1,USB01,6
6/13/16,US1,USB01,7
6/14/16,US1,USB01,5
6/15/16,US1,USB01,6
6/16/16,US1,USB01,6
6/17/16,US1,USB01,7
6/18/16,US1,USB01,5
6/19/16,US1,USB01,6
6/20/16,US1,USB01,5
6/21/16,US1,USB01,7
6/22/16,US1,USB01,6
6/23/16,US1,USB01,7
6/24/16,US1,USB01,5
6/25/16,US1,USB01,6
6/26/16,US1,USB01,5
6/27/16,US1,USB01,5
6/28/16,US1,USB01,7
6/29/16,US1,USB01,6
6/30/16,US1,USB01,7
7/1/16,US1,USB01,6
7/2/16,US1,USB01,7
7/3/16,US1,USB01,7
7/4/16,US1,USB01,5
7/5/16,US1,USB01,5
7/6/16,US1,USB01,7
7/7/16,US1,USB01,7
7/8/16,US1,USB01,6
7/9/16,US1,USB01,7
7/10/16,US1,USB01,5
7/11/16,US1,USB01,5
7/12/16,US1,USB01,7
7/13/16,US1,USB01,7
7/14/16,US1,USB01,6
7/15/16,US1,USB01,5
7/16/16,US1,USB01,5
7/17/16,US1,USB01,6
7/18/16,US1,USB01,7
7/19/16,US1,USB01,5
7/20/16,US1,USB01,7
7/21/16,US1,USB01,6
7/22/16,US1,USB01,7
7/23/16,US1,USB01,6
7/24/16,US1,USB01,6
7/25/16,US1,USB01,5
7/26/16,US1,USB01,6
7/27/16,US1,USB01,7
7/28/16,US1,USB01,7
7/29/16,US1,USB01,5
7/30/16,US1,USB01,5
7/31/16,US1,USB01,7
8/1/16,US1,USB01,5
8/2/16,US1,USB01,7
8/3/16,US1,USB01,7
8/4/16,US1,USB01,5
8/5/16,US1,USB01,6
8/6/16,US1,USB01,5
8/7/16,US1,USB01,5
8/8/16,US1,USB01,6
8/9/16,US1,USB01,5
8/10/16,US1,USB01,5
8/11/16,US1,USB01,7
8/12/16,US1,USB01,7
8/13/16,US1,USB01,6
8/14/16,US1,USB01,6
8/15/16,US1,USB01,5
8/16/16,US1,USB01,7
8/17/16,US1,USB01,6
8/18/16,US1,USB01,5
8/19/16,US1,USB01,7
8/20/16,US1,USB01,7
8/21/16,US1,USB01,6
8/22/16,US1,USB01,6
8/23/16,US1,USB01,7
8/24/16,US1,USB01,5
8/25/16,US1,USB01,6
8/26/16,US1,USB01,7
8/27/16,US1,USB01,6
8/28/16,US1,USB01,6
8/29/16,US1,USB01,6
8/30/16,US1,USB01,7
8/31/16,US1,USB01,5
9/1/16,US1,USB01,6
9/2/16,US1,USB01,6
9/3/16,US1,USB01,7
9/4/16,US1,USB01,7
9/5/16,US1,USB01,5
9/6/16,US1,USB01,6
9/7/16,US1,USB01,6
9/8/16,US1,USB01,7
9/9/16,US1,USB01,7
9/10/16,US1,USB01,6
9/11/16,US1,USB01,7
9/12/16,US1,USB01,6
9/13/16,US1,USB01,6
9/14/16,US1,USB01,5
9/15/16,US1,USB01,6
9/16/16,US1,USB01,7
9/17/16,US1,USB01,5
9/18/16,US1,USB01,5
9/19/16,US1,USB01,6
9/20/16,US1,USB01,5
9/21/16,US1,USB01,5
9/22/16,US1,USB01,5
9/23/16,US1,USB01,7
9/24/16,US1,USB01,7
9/25/16,US1,USB01,5
9/26/16,US1,USB01,6
9/27/16,US1,USB01,6
9/28/16,US1,USB01,6
9/29/16,US1,USB01,7
9/30/16,US1,USB01,5
10/1/16,US1,USB01,6
10/2/16,US1,USB01,7
10/3/16,US1,USB01,7
10/4/16,US1,USB01,6
10/5/16,US1,USB01,5
10/6/16,US1,USB01,7
10/7/16,US1,USB01,5
10/8/16,US1,USB01,6
10/9/16,US1,USB01,5
10/10/16,US1,USB01,6
10/11/16,US1,USB01,6
10/12/16,US1,USB01,6
10/13/16,US1,USB01,7
10/14/16,US1,USB01,5
10/15/16,US1,USB01,6
10/16/16,US1,USB01,6
10/17/16,US1,USB01,5
10/18/16,US1,USB01,6
10/19/16,US1,USB01,7
10/20/16,US1,USB01,6
10/21/16,US1,USB01,7
10/22/16,US1,USB01,6
10/23/16,US1,USB01,6
10/24/16,US1,USB01,7
10/25/16,US1,USB01,7
10/26/16,US1,USB01,5
10/27/16,US1,USB01,5
10/28/16,US1,USB01,7
10/29/16,US1,USB01,5
10/30/16,US1,USB01,6
10/31/16,US1,USB01,6
11/1/16,US1,USB01,7
11/2/16,US1,USB01,6
11/3/16,US1,USB01,6
11/4/16,US1,USB01,6
11/5/16,US1,USB01,7
11/6/16,US1,USB01,5
11/7/16,US1,USB01,5
11/8/16,US1,USB01,6
11/9/16,US1,USB01,5
11/10/16,US1,USB01,6
11/11/16,US1,USB01,5
11/12/16,US1,USB01,7
11/13/16,US1,USB01,6
11/14/16,US1,USB01,7
11/15/16,US1,USB01,5
11/16/16,US1,USB01,7
11/17/16,US1,USB01,5
11/18/16,US1,USB01,7
11/19/16,US1,USB01,7
11/20/16,US1,USB01,7
11/21/16,US1,USB01,7
11/22/16,US1,USB01,7
11/23/16,US1,USB01,5
11/24/16,US1,USB01,7
11/25/16,US1,USB01,6
11/26/16,US1,USB01,5
11/27/16,US1,USB01,7
11/28/16,US1,USB01,5
11/29/16,US1,USB01,7
11/30/16,US1,USB01,6
12/1/16,US1,USB01,7
12/2/16,US1,USB01,5
12/3/16,US1,USB01,7
12/4/16,US1,USB01,7
12/5/16,US1,USB01,5
12/6/16,US1,USB01,5
12/7/16,US1,USB01,6
12/8/16,US1,USB01,6
12/9/16,US1,USB01,5
12/10/16,US1,USB01,6
12/11/16,US1,USB01,7
12/12/16,US1,USB01,7
12/13/16,US1,USB01,7
12/14/16,US1,USB01,7
12/15/16,US1,USB01,6
12/16/16,US1,USB01,7
12/17/16,US1,USB01,5
12/18/16,US1,USB01,7
12/19/16,US1,USB01,6
12/20/16,US1,USB01,7
12/21/16,US1,USB01,6
12/22/16,US1,USB01,5
12/23/16,US1,USB01,6
12/24/16,US1,USB01,6
12/25/16,US1,USB01,6
12/26/16,US1,USB01,7
12/27/16,US1,USB01,7
12/28/16,US1,USB01,6
12/29/16,US1,USB01,6
12/30/16,US1,USB01,7
12/31/16,US1,USB01,6
1/1/17,US1,USB01,6
1/2/17,US1,USB01,5
1/3/17,US1,USB01,7
1/4/17,US1,USB01,5
1/5/17,US1,USB01,5
1/6/17,US1,USB01,6
1/7/17,US1,USB01,7
1/8/17,US1,USB01,7
1/9/17,US1,USB01,7
1/10/17,US1,USB01,6
1/11/17,US1,USB01,6
1/12/17,US1,USB01,6
1/13/17,US1,USB01,6
1/14/17,US1,USB01,7
1/15/17,US1,USB01,5
1/16/17,US1,USB01,6
1/17/17,US1,USB01,6
1/18/17,US1,USB01,6
1/19/17,US1,USB01,6
1/20/17,US1,USB01,5
1/21/17,US1,USB01,5
1/22/17,US1,USB01,7
1/23/17,US1,USB01,5
1/24/17,US1,USB01,7
1/25/17,US1,USB01,5
1/26/17,US1,USB01,5
1/27/17,US1,USB01,6
1/28/17,US1,USB01,5
1/29/17,US1,USB01,6
1/30/17,US1,USB01,7
1/31/17,US1,USB01,6
2/1/17,US1,USB01,7
2/2/17,US1,USB01,5
2/3/17,US1,USB01,5
2/4/17,US1,USB01,7
2/5/17,US1,USB01,5
2/6/17,US1,USB01,7
2/7/17,US1,USB01,5
2/8/17,US1,USB01,7
2/9/17,US1,USB01,6
2/10/17,US1,USB01,6
2/11/17,US1,USB01,6
2/12/17,US1,USB01,6
2/13/17,US1,USB01,7
2/14/17,US1,USB01,7
2/15/17,US1,USB01,7
2/16/17,US1,USB01,5
2/17/17,US1,USB01,7
2/18/17,US1,USB01,7
2/19/17,US1,USB01,7
2/20/17,US1,USB01,7
2/21/17,US1,USB01,6
2/22/17,US1,USB01,6
2/23/17,US1,USB01,6
2/24/17,US1,USB01,7
2/25/17,US1,USB01,6
2/26/17,US1,USB01,5
2/27/17,US1,USB01,6
2/28/17,US1,USB01,5
3/1/17,US1,USB01,11
3/2/17,US1,USB01,11
3/3/17,US1,USB01,13
3/4/17,US1,USB01,13
3/5/17,US1,USB01,11
3/6/17,US1,USB01,13
3/7/17,US1,USB01,14
3/8/17,US1,USB01,11
3/9/17,US1,USB01,12
3/10/17,US1,USB01,12
3/11/17,US1,USB01,11
3/12/17,US1,USB01,11
3/13/17,US1,USB01,12
3/14/17,US1,USB01,13
3/15/17,US1,USB01,12
3/16/17,US1,USB01,11
3/17/17,US1,USB01,13
3/18/17,US1,USB01,11
3/19/17,US1,USB01,14
3/20/17,US1,USB01,11
3/21/17,US1,USB01,13
3/22/17,US1,USB01,15
3/23/17,US1,USB01,14
3/24/17,US1,USB01,13
3/25/17,US1,USB01,11
3/26/17,US1,USB01,10
3/27/17,US1,USB01,11
3/28/17,US1,USB01,11
3/29/17,US1,USB01,11
3/30/17,US1,USB01,11
3/31/17,US1,USB01,14
4/1/17,US1,USB01,14
4/2/17,US1,USB01,11
4/3/17,US1,USB01,10
4/4/17,US1,USB01,13
4/5/17,US1,USB01,10
4/6/17,US1,USB01,12
4/7/17,US1,USB01,14
4/8/17,US1,USB01,10
4/9/17,US1,USB01,11
4/10/17,US1,USB01,12
4/11/17,US1,USB01,13
4/12/17,US1,USB01,14
4/13/17,US1,USB01,11
4/14/17,US1,USB01,9
4/15/17,US1,USB01,15
4/16/17,US1,USB01,11
4/17/17,US1,USB01,13
4/18/17,US1,USB01,12
4/19/17,US1,USB01,14
4/20/17,US1,USB01,10
4/21/17,US1,USB01,13
4/22/17,US1,USB01,11
4/23/17,US1,USB01,12
4/24/17,US1,USB01,11
4/25/17,US1,USB01,14
4/26/17,US1,USB01,15
4/27/17,US1,USB01,13
4/28/17,US1,USB01,11
4/29/17,US1,USB01,12
4/30/17,US1,USB01,11
5/1/17,US1,USB01,14
5/2/17,US1,USB01,11
5/3/17,US1,USB01,12
5/4/17,US1,USB01,13
5/5/17,US1,USB01,14
5/6/17,US1,USB01,13
5/7/17,US1,USB01,12
5/8/17,US1,USB01,12
5/9/17,US1,USB01,13
5/10/17,US1,USB01,13
5/11/17,US1,USB01,10
5/12/17,US1,USB01,11
5/13/17,US1,USB01,12
5/14/17,US1,USB01,11
5/15/17,US1,USB01,13
5/16/17,US1,USB01,12
5/17/17,US1,USB01,10
5/18/17,US1,USB01,13
5/19/17,US1,USB01,13
5/20/17,US1,USB01,13
5/21/17,US1,USB01,13
5/22/17,US1,USB01,11
5/23/17,US1,USB01,11
5/24/17,US1,USB01,13
5/25/17,US1,USB01,11
5/26/17,US1,USB01,13
5/27/17,US1,USB01,14
5/28/17,US1,USB01,12
5/29/17,US1,USB01,11
5/30/17,US1,USB01,14
5/31/17,US1,USB01,11
6/1/17,US1,USB01,14
6/2/17,US1,USB01,11
6/3/17,US1,USB01,13
6/4/17,US1,USB01,12
6/5/17,US1,USB01,12
6/6/17,US1,USB01,11
6/7/17,US1,USB01,10
6/8/17,US1,USB01,14
6/9/17,US1,USB01,12
6/10/17,US1,USB01,10
6/11/17,US1,USB01,11
6/12/17,US1,USB01,12
6/13/17,US1,USB01,13
6/14/17,US1,USB01,12
6/15/17,US1,USB01,13
6/16/17,US1,USB01,13
6/17/17,US1,USB01,11
6/18/17,US1,USB01,13
6/19/17,US1,USB01,11
6/20/17,US1,USB01,11
6/21/17,US1,USB01,12
6/22/17,US1,USB01,11
6/23/17,US1,USB01,10
6/24/17,US1,USB01,13
6/25/17,US1,USB01,11
6/26/17,US1,USB01,10
6/27/17,US1,USB01,11
6/28/17,US1,USB01,13
6/29/17,US1,USB01,13
6/30/17,US1,USB01,12
7/1/17,US1,USB01,12
7/2/17,US1,USB01,11
7/3/17,US1,USB01,14
7/4/17,US1,USB01,12
7/5/17,US1,USB01,12
7/6/17,US1,USB01,12
7/7/17,US1,USB01,13
7/8/17,US1,USB01,13
7/9/17,US1,USB01,11
7/10/17,US1,USB01,12
7/11/17,US1,USB01,12
7/12/17,US1,USB01,13
7/13/17,US1,USB01,11
7/14/17,US1,USB01,13
7/15/17,US1,USB01,10
7/16/17,US1,USB01,14
7/17/17,US1,USB01,12
7/18/17,US1,USB01,10
7/19/17,US1,USB01,10
7/20/17,US1,USB01,11
7/21/17,US1,USB01,9
7/22/17,US1,USB01,9
7/23/17,US1,USB01,13
7/24/17,US1,USB01,10
7/25/17,US1,USB01,12
7/26/17,US1,USB01,13
7/27/17,US1,USB01,12
7/28/17,US1,USB01,12
7/29/17,US1,USB01,13
7/30/17,US1,USB01,10
7/31/17,US1,USB01,11
8/1/17,US1,USB01,9
8/2/17,US1,USB01,14
8/3/17,US1,USB01,12
8/4/17,US1,USB01,14
8/5/17,US1,USB01,11
8/6/17,US1,USB01,12
8/7/17,US1,USB01,14
8/8/17,US1,USB01,10
8/9/17,US1,USB01,11
8/10/17,US1,USB01,12
8/11/17,US1,USB01,13
8/12/17,US1,USB01,13
8/13/17,US1,USB01,12
8/14/17,US1,USB01,12
8/15/17,US1,USB01,13
8/16/17,US1,USB01,13
8/17/17,US1,USB01,13
8/18/17,US1,USB01,13
8/19/17,US1,USB01,11
8/20/17,US1,USB01,13
8/21/17,US1,USB01,14
8/22/17,US1,USB01,13
8/23/17,US1,USB01,12
8/24/17,US1,USB01,12
8/25/17,US1,USB01,11
8/26/17,US1,USB01,11
8/27/17,US1,USB01,14
8/28/17,US1,USB01,11
8/29/17,US1,USB01,10
8/30/17,US1,USB01,11
8/31/17,US1,USB01,13
9/1/17,US1,USB01,5
9/2/17,US1,USB01,5
9/3/17,US1,USB01,5
9/4/17,US1,USB01,6
9/5/17,US1,USB01,7
9/6/17,US1,USB01,7
9/7/17,US1,USB01,6
9/8/17,US1,USB01,7
9/9/17,US1,USB01,6
9/10/17,US1,USB01,5
9/11/17,US1,USB01,5
9/12/17,US1,USB01,5
9/13/17,US1,USB01,6
9/14/17,US1,USB01,7
9/15/17,US1,USB01,5
9/16/17,US1,USB01,7
9/17/17,US1,USB01,7
9/18/17,US1,USB01,5
9/19/17,US1,USB01,7
9/20/17,US1,USB01,6
9/21/17,US1,USB01,6
9/22/17,US1,USB01,6
9/23/17,US1,USB01,5
9/24/17,US1,USB01,5
9/25/17,US1,USB01,6
9/26/17,US1,USB01,7
9/27/17,US1,USB01,7
9/28/17,US1,USB01,6
9/29/17,US1,USB01,5
9/30/17,US1,USB01,5
10/1/17,US1,USB01,7
10/2/17,US1,USB01,5
10/3/17,US1,USB01,6
10/4/17,US1,USB01,5
10/5/17,US1,USB01,6
10/6/17,US1,USB01,5
10/7/17,US1,USB01,6
10/8/17,US1,USB01,7
10/9/17,US1,USB01,7
10/10/17,US1,USB01,7
10/11/17,US1,USB01,5
10/12/17,US1,USB01,5
10/13/17,US1,USB01,7
10/14/17,US1,USB01,5
10/15/17,US1,USB01,6
10/16/17,US1,USB01,5
10/17/17,US1,USB01,6
10/18/17,US1,USB01,6
10/19/17,US1,USB01,6
10/20/17,US1,USB01,6
10/21/17,US1,USB01,6
10/22/17,US1,USB01,6
10/23/17,US1,USB01,6
10/24/17,US1,USB01,6
10/25/17,US1,USB01,5
10/26/17,US1,USB01,7
10/27/17,US1,USB01,6
10/28/17,US1,USB01,5
10/29/17,US1,USB01,6
10/30/17,US1,USB01,6
10/31/17,US1,USB01,7
11/1/17,US1,USB01,6
11/2/17,US1,USB01,5
11/3/17,US1,USB01,6
11/4/17,US1,USB01,7
11/5/17,US1,USB01,5
11/6/17,US1,USB01,7
11/7/17,US1,USB01,6
11/8/17,US1,USB01,7
11/9/17,US1,USB01,5
11/10/17,US1,USB01,7
11/11/17,US1,USB01,5
11/12/17,US1,USB01,7
11/13/17,US1,USB01,5
11/14/17,US1,USB01,7
11/15/17,US1,USB01,6
11/16/17,US1,USB01,7
11/17/17,US1,USB01,8
11/18/17,US1,USB01,4
11/19/17,US1,USB01,6
11/20/17,US1,USB01,5
11/21/17,US1,USB01,7
11/22/17,US1,USB01,6
11/23/17,US1,USB01,5
11/24/17,US1,USB01,5
11/25/17,US1,USB01,5
11/26/17,US1,USB01,6
11/27/17,US1,USB01,6
11/28/17,US1,USB01,6
11/29/17,US1,USB01,7
11/30/17,US1,USB01,7
12/1/17,US1,USB01,6
12/2/17,US1,USB01,7
12/3/17,US1,USB01,7
12/4/17,US1,USB01,6
12/5/17,US1,USB01,7
12/6/17,US1,USB01,6
12/7/17,US1,USB01,5
12/8/17,US1,USB01,7
12/9/17,US1,USB01,5
12/10/17,US1,USB01,5
12/11/17,US1,USB01,6
12/12/17,US1,USB01,7
12/13/17,US1,USB01,7
12/14/17,US1,USB01,5
12/15/17,US1,USB01,5
12/16/17,US1,USB01,5
12/17/17,US1,USB01,7
12/18/17,US1,USB01,6
12/19/17,US1,USB01,6
12/20/17,US1,USB01,6
12/21/17,US1,USB01,6
12/22/17,US1,USB01,6
12/23/17,US1,USB01,6
12/24/17,US1,USB01,7
12/25/17,US1,USB01,6
12/26/17,US1,USB01,7
12/27/17,US1,USB01,7
12/28/17,US1,USB01,5
12/29/17,US1,USB01,6
12/30/17,US1,USB01,6
12/31/17,US1,USB01,6
1/1/16,US1,USB02,5
1/2/16,US1,USB02,4
1/3/16,US1,USB02,5
1/4/16,US1,USB02,4
1/5/16,US1,USB02,5
1/6/16,US1,USB02,5
1/7/16,US1,USB02,5
1/8/16,US1,USB02,5
1/9/16,US1,USB02,5
1/10/16,US1,USB02,5
1/11/16,US1,USB02,5
1/12/16,US1,USB02,5
1/13/16,US1,USB02,4
1/14/16,US1,USB02,4
1/15/16,US1,USB02,5
1/16/16,US1,USB02,5
1/17/16,US1,USB02,5
1/18/16,US1,USB02,3
1/19/16,US1,USB02,4
1/20/16,US1,USB02,5
1/21/16,US1,USB02,7
1/22/16,US1,USB02,6
1/23/16,US1,USB02,4
1/24/16,US1,USB02,6
1/25/16,US1,USB02,5
1/26/16,US1,USB02,7
1/27/16,US1,USB02,6
1/28/16,US1,USB02,4
1/29/16,US1,USB02,5
1/30/16,US1,USB02,6
1/31/16,US1,USB02,5
2/1/16,US1,USB02,5
2/2/16,US1,USB02,5
2/3/16,US1,USB02,4
2/4/16,US1,USB02,5
2/5/16,US1,USB02,4
2/6/16,US1,USB02,5
2/7/16,US1,USB02,5
2/8/16,US1,USB02,5
2/9/16,US1,USB02,5
2/10/16,US1,USB02,5
2/11/16,US1,USB02,5
2/12/16,US1,USB02,5
2/13/16,US1,USB02,5
2/14/16,US1,USB02,5
2/15/16,US1,USB02,5
2/16/16,US1,USB02,5
2/17/16,US1,USB02,5
2/18/16,US1,USB02,5
2/19/16,US1,USB02,5
2/20/16,US1,USB02,5
2/21/16,US1,USB02,5
2/22/16,US1,USB02,5
2/23/16,US1,USB02,4
2/24/16,US1,USB02,4
2/25/16,US1,USB02,4
2/26/16,US1,USB02,7
2/27/16,US1,USB02,4
2/28/16,US1,USB02,4
2/29/16,US1,USB02,5
3/1/16,US1,USB02,5
3/2/16,US1,USB02,4
3/3/16,US1,USB02,4
3/4/16,US1,USB02,5
3/5/16,US1,USB02,4
3/6/16,US1,USB02,4
3/7/16,US1,USB02,5
3/8/16,US1,USB02,5
3/9/16,US1,USB02,4
3/10/16,US1,USB02,5
3/11/16,US1,USB02,5
3/12/16,US1,USB02,5
3/13/16,US1,USB02,4
3/14/16,US1,USB02,4
3/15/16,US1,USB02,5
3/16/16,US1,USB02,4
3/17/16,US1,USB02,4
3/18/16,US1,USB02,4
3/19/16,US1,USB02,5
3/20/16,US1,USB02,5
3/21/16,US1,USB02,5
3/22/16,US1,USB02,5
3/23/16,US1,USB02,4
3/24/16,US1,USB02,5
3/25/16,US1,USB02,5
3/26/16,US1,USB02,4
3/27/16,US1,USB02,5
3/28/16,US1,USB02,6
3/29/16,US1,USB02,5
3/30/16,US1,USB02,4
3/31/16,US1,USB02,5
4/1/16,US1,USB02,4
4/2/16,US1,USB02,5
4/3/16,US1,USB02,5
4/4/16,US1,USB02,4
4/5/16,US1,USB02,5
4/6/16,US1,USB02,5
4/7/16,US1,USB02,5
4/8/16,US1,USB02,5
4/9/16,US1,USB02,4
4/10/16,US1,USB02,5
4/11/16,US1,USB02,4
4/12/16,US1,USB02,5
4/13/16,US1,USB02,5
4/14/16,US1,USB02,4
4/15/16,US1,USB02,5
4/16/16,US1,USB02,5
4/17/16,US1,USB02,5
4/18/16,US1,USB02,4
4/19/16,US1,USB02,5
4/20/16,US1,USB02,4
4/21/16,US1,USB02,5
4/22/16,US1,USB02,5
4/23/16,US1,USB02,5
4/24/16,US1,USB02,4
4/25/16,US1,USB02,5
4/26/16,US1,USB02,4
4/27/16,US1,USB02,4
4/28/16,US1,USB02,5
4/29/16,US1,USB02,5
4/30/16,US1,USB02,4
5/1/16,US1,USB02,4
5/2/16,US1,USB02,4
5/3/16,US1,USB02,5
5/4/16,US1,USB02,5
5/5/16,US1,USB02,4
5/6/16,US1,USB02,5
5/7/16,US1,USB02,5
5/8/16,US1,USB02,5
5/9/16,US1,USB02,5
5/10/16,US1,USB02,4
5/11/16,US1,USB02,4
5/12/16,US1,USB02,5
5/13/16,US1,USB02,5
5/14/16,US1,USB02,4
5/15/16,US1,USB02,4
5/16/16,US1,USB02,4
5/17/16,US1,USB02,5
5/18/16,US1,USB02,5
5/19/16,US1,USB02,5
5/20/16,US1,USB02,6
5/21/16,US1,USB02,5
5/22/16,US1,USB02,5
5/23/16,US1,USB02,5
5/24/16,US1,USB02,5
5/25/16,US1,USB02,4
5/26/16,US1,USB02,5
5/27/16,US1,USB02,5
5/28/16,US1,USB02,5
5/29/16,US1,USB02,5
5/30/16,US1,USB02,5
5/31/16,US1,USB02,5
6/1/16,US1,USB02,4
6/2/16,US1,USB02,5
6/3/16,US1,USB02,5
6/4/16,US1,USB02,5
6/5/16,US1,USB02,6
6/6/16,US1,USB02,6
6/7/16,US1,USB02,5
6/8/16,US1,USB02,4
6/9/16,US1,USB02,5
6/10/16,US1,USB02,5
6/11/16,US1,USB02,4
6/12/16,US1,USB02,5
6/13/16,US1,USB02,5
6/14/16,US1,USB02,5
6/15/16,US1,USB02,5
6/16/16,US1,USB02,4
6/17/16,US1,USB02,5
6/18/16,US1,USB02,5
6/19/16,US1,USB02,5
6/20/16,US1,USB02,6
6/21/16,US1,USB02,5
6/22/16,US1,USB02,5
6/23/16,US1,USB02,5
6/24/16,US1,USB02,5
6/25/16,US1,USB02,4
6/26/16,US1,USB02,5
6/27/16,US1,USB02,4
6/28/16,US1,USB02,5
6/29/16,US1,USB02,4
6/30/16,US1,USB02,5
7/1/16,US1,USB02,6
7/2/16,US1,USB02,4
7/3/16,US1,USB02,4
7/4/16,US1,USB02,5
7/5/16,US1,USB02,4
7/6/16,US1,USB02,5
7/7/16,US1,USB02,5
7/8/16,US1,USB02,5
7/9/16,US1,USB02,4
7/10/16,US1,USB02,5
7/11/16,US1,USB02,4
7/12/16,US1,USB02,4
7/13/16,US1,USB02,7
7/14/16,US1,USB02,7
7/15/16,US1,USB02,5
7/16/16,US1,USB02,5
7/17/16,US1,USB02,4
7/18/16,US1,USB02,5
7/19/16,US1,USB02,5
7/20/16,US1,USB02,5
7/21/16,US1,USB02,6
7/22/16,US1,USB02,5
7/23/16,US1,USB02,5
7/24/16,US1,USB02,5
7/25/16,US1,USB02,4
7/26/16,US1,USB02,6
7/27/16,US1,USB02,4
7/28/16,US1,USB02,5
7/29/16,US1,USB02,6
7/30/16,US1,USB02,5
7/31/16,US1,USB02,5
8/1/16,US1,USB02,5
8/2/16,US1,USB02,7
8/3/16,US1,USB02,5
8/4/16,US1,USB02,5
8/5/16,US1,USB02,5
8/6/16,US1,USB02,5
8/7/16,US1,USB02,5
8/8/16,US1,USB02,4
8/9/16,US1,USB02,4
8/10/16,US1,USB02,5
8/11/16,US1,USB02,5
8/12/16,US1,USB02,5
8/13/16,US1,USB02,5
8/14/16,US1,USB02,5
8/15/16,US1,USB02,5
8/16/16,US1,USB02,4
8/17/16,US1,USB02,5
8/18/16,US1,USB02,5
8/19/16,US1,USB02,5
8/20/16,US1,USB02,4
8/21/16,US1,USB02,5
8/22/16,US1,USB02,5
8/23/16,US1,USB02,5
8/24/16,US1,USB02,5
8/25/16,US1,USB02,5
8/26/16,US1,USB02,5
8/27/16,US1,USB02,5
8/28/16,US1,USB02,4
8/29/16,US1,USB02,4
8/30/16,US1,USB02,6
8/31/16,US1,USB02,5
9/1/16,US1,USB02,5
9/2/16,US1,USB02,5
9/3/16,US1,USB02,5
9/4/16,US1,USB02,4
9/5/16,US1,USB02,5
9/6/16,US1,USB02,5
9/7/16,US1,USB02,6
9/8/16,US1,USB02,5
9/9/16,US1,USB02,5
9/10/16,US1,USB02,5
9/11/16,US1,USB02,5
9/12/16,US1,USB02,5
9/13/16,US1,USB02,4
9/14/16,US1,USB02,5
9/15/16,US1,USB02,5
9/16/16,US1,USB02,5
9/17/16,US1,USB02,5
9/18/16,US1,USB02,4
9/19/16,US1,USB02,5
9/20/16,US1,USB02,5
9/21/16,US1,USB02,5
9/22/16,US1,USB02,5
9/23/16,US1,USB02,4
9/24/16,US1,USB02,4
9/25/16,US1,USB02,6
9/26/16,US1,USB02,5
9/27/16,US1,USB02,5
9/28/16,US1,USB02,5
9/29/16,US1,USB02,5
9/30/16,US1,USB02,5
10/1/16,US1,USB02,5
10/2/16,US1,USB02,5
10/3/16,US1,USB02,5
10/4/16,US1,USB02,5
10/5/16,US1,USB02,4
10/6/16,US1,USB02,5
10/7/16,US1,USB02,4
10/8/16,US1,USB02,5
10/9/16,US1,USB02,5
10/10/16,US1,USB02,4
10/11/16,US1,USB02,5
10/12/16,US1,USB02,5
10/13/16,US1,USB02,4
10/14/16,US1,USB02,5
10/15/16,US1,USB02,5
10/16/16,US1,USB02,5
10/17/16,US1,USB02,5
10/18/16,US1,USB02,5
10/19/16,US1,USB02,5
10/20/16,US1,USB02,5
10/21/16,US1,USB02,5
10/22/16,US1,USB02,5
10/23/16,US1,USB02,4
10/24/16,US1,USB02,5
10/25/16,US1,USB02,5
10/26/16,US1,USB02,5
10/27/16,US1,USB02,5
10/28/16,US1,USB02,4
10/29/16,US1,USB02,5
10/30/16,US1,USB02,5
10/31/16,US1,USB02,7
11/1/16,US1,USB02,4
11/2/16,US1,USB02,5
11/3/16,US1,USB02,5
11/4/16,US1,USB02,4
11/5/16,US1,USB02,5
11/6/16,US1,USB02,4
11/7/16,US1,USB02,5
11/8/16,US1,USB02,5
11/9/16,US1,USB02,5
11/10/16,US1,USB02,5
11/11/16,US1,USB02,5
11/12/16,US1,USB02,5
11/13/16,US1,USB02,6
11/14/16,US1,USB02,5
11/15/16,US1,USB02,5
11/16/16,US1,USB02,6
11/17/16,US1,USB02,5
11/18/16,US1,USB02,4
11/19/16,US1,USB02,5
11/20/16,US1,USB02,5
11/21/16,US1,USB02,5
11/22/16,US1,USB02,5
11/23/16,US1,USB02,4
11/24/16,US1,USB02,5
11/25/16,US1,USB02,4
11/26/16,US1,USB02,4
11/27/16,US1,USB02,5
11/28/16,US1,USB02,4
11/29/16,US1,USB02,3
11/30/16,US1,USB02,6
12/1/16,US1,USB02,5
12/2/16,US1,USB02,5
12/3/16,US1,USB02,4
12/4/16,US1,USB02,5
12/5/16,US1,USB02,4
12/6/16,US1,USB02,4
12/7/16,US1,USB02,5
12/8/16,US1,USB02,5
12/9/16,US1,USB02,4
12/10/16,US1,USB02,6
12/11/16,US1,USB02,4
12/12/16,US1,USB02,4
12/13/16,US1,USB02,5
12/14/16,US1,USB02,4
12/15/16,US1,USB02,5
12/16/16,US1,USB02,5
12/17/16,US1,USB02,5
12/18/16,US1,USB02,3
12/19/16,US1,USB02,5
12/20/16,US1,USB02,5
12/21/16,US1,USB02,5
12/22/16,US1,USB02,5
12/23/16,US1,USB02,5
12/24/16,US1,USB02,5
12/25/16,US1,USB02,5
12/26/16,US1,USB02,4
12/27/16,US1,USB02,5
12/28/16,US1,USB02,5
12/29/16,US1,USB02,4
12/30/16,US1,USB02,4
12/31/16,US1,USB02,5
1/1/17,US1,USB02,5
1/2/17,US1,USB02,5
1/3/17,US1,USB02,4
1/4/17,US1,USB02,5
1/5/17,US1,USB02,6
1/6/17,US1,USB02,4
1/7/17,US1,USB02,5
1/8/17,US1,USB02,5
1/9/17,US1,USB02,4
1/10/17,US1,USB02,5
1/11/17,US1,USB02,6
1/12/17,US1,USB02,6
1/13/17,US1,USB02,4
1/14/17,US1,USB02,5
1/15/17,US1,USB02,4
1/16/17,US1,USB02,5
1/17/17,US1,USB02,5
1/18/17,US1,USB02,4
1/19/17,US1,USB02,4
1/20/17,US1,USB02,6
1/21/17,US1,USB02,4
1/22/17,US1,USB02,5
1/23/17,US1,USB02,5
1/24/17,US1,USB02,5
1/25/17,US1,USB02,5
1/26/17,US1,USB02,6
1/27/17,US1,USB02,6
1/28/17,US1,USB02,5
1/29/17,US1,USB02,5
1/30/17,US1,USB02,5
1/31/17,US1,USB02,5
2/1/17,US1,USB02,5
2/2/17,US1,USB02,5
2/3/17,US1,USB02,5
2/4/17,US1,USB02,4
2/5/17,US1,USB02,5
2/6/17,US1,USB02,5
2/7/17,US1,USB02,5
2/8/17,US1,USB02,5
2/9/17,US1,USB02,5
2/10/17,US1,USB02,4
2/11/17,US1,USB02,4
2/12/17,US1,USB02,5
2/13/17,US1,USB02,5
2/14/17,US1,USB02,5
2/15/17,US1,USB02,4
2/16/17,US1,USB02,5
2/17/17,US1,USB02,4
2/18/17,US1,USB02,6
2/19/17,US1,USB02,5
2/20/17,US1,USB02,5
2/21/17,US1,USB02,4
2/22/17,US1,USB02,5
2/23/17,US1,USB02,4
2/24/17,US1,USB02,5
2/25/17,US1,USB02,5
2/26/17,US1,USB02,5
2/27/17,US1,USB02,5
2/28/17,US1,USB02,4
3/1/17,US1,USB02,5
3/2/17,US1,USB02,5
3/3/17,US1,USB02,5
3/4/17,US1,USB02,5
3/5/17,US1,USB02,4
3/6/17,US1,USB02,6
3/7/17,US1,USB02,4
3/8/17,US1,USB02,5
3/9/17,US1,USB02,5
3/10/17,US1,USB02,4
3/11/17,US1,USB02,5
3/12/17,US1,USB02,3
3/13/17,US1,USB02,4
3/14/17,US1,USB02,5
3/15/17,US1,USB02,5
3/16/17,US1,USB02,4
3/17/17,US1,USB02,5
3/18/17,US1,USB02,5
3/19/17,US1,USB02,5
3/20/17,US1,USB02,5
3/21/17,US1,USB02,5
3/22/17,US1,USB02,4
3/23/17,US1,USB02,5
3/24/17,US1,USB02,4
3/25/17,US1,USB02,4
3/26/17,US1,USB02,5
3/27/17,US1,USB02,6
3/28/17,US1,USB02,6
3/29/17,US1,USB02,5
3/30/17,US1,USB02,5
3/31/17,US1,USB02,6
4/1/17,US1,USB02,6
4/2/17,US1,USB02,5
4/3/17,US1,USB02,5
4/4/17,US1,USB02,5
4/5/17,US1,USB02,5
4/6/17,US1,USB02,5
4/7/17,US1,USB02,6
4/8/17,US1,USB02,5
4/9/17,US1,USB02,5
4/10/17,US1,USB02,5
4/11/17,US1,USB02,4
4/12/17,US1,USB02,5
4/13/17,US1,USB02,4
4/14/17,US1,USB02,5
4/15/17,US1,USB02,5
4/16/17,US1,USB02,5
4/17/17,US1,USB02,5
4/18/17,US1,USB02,6
4/19/17,US1,USB02,4
4/20/17,US1,USB02,4
4/21/17,US1,USB02,5
4/22/17,US1,USB02,3
4/23/17,US1,USB02,6
4/24/17,US1,USB02,5
4/25/17,US1,USB02,5
4/26/17,US1,USB02,5
4/27/17,US1,USB02,4
4/28/17,US1,USB02,5
4/29/17,US1,USB02,4
4/30/17,US1,USB02,5
5/1/17,US1,USB02,4
5/2/17,US1,USB02,5
5/3/17,US1,USB02,6
5/4/17,US1,USB02,4
5/5/17,US1,USB02,5
5/6/17,US1,USB02,4
5/7/17,US1,USB02,5
5/8/17,US1,USB02,5
5/9/17,US1,USB02,5
5/10/17,US1,USB02,4
5/11/17,US1,USB02,6
5/12/17,US1,USB02,5
5/13/17,US1,USB02,5
5/14/17,US1,USB02,5
5/15/17,US1,USB02,5
5/16/17,US1,USB02,5
5/17/17,US1,USB02,5
5/18/17,US1,USB02,5
5/19/17,US1,USB02,5
5/20/17,US1,USB02,5
5/21/17,US1,USB02,6
5/22/17,US1,USB02,4
5/23/17,US1,USB02,5
5/24/17,US1,USB02,5
5/25/17,US1,USB02,5
5/26/17,US1,USB02,4
5/27/17,US1,USB02,5
5/28/17,US1,USB02,4
5/29/17,US1,USB02,5
5/30/17,US1,USB02,4
5/31/17,US1,USB02,5
6/1/17,US1,USB02,4
6/2/17,US1,USB02,5
6/3/17,US1,USB02,4
6/4/17,US1,USB02,5
6/5/17,US1,USB02,4
6/6/17,US1,USB02,4
6/7/17,US1,USB02,5
6/8/17,US1,USB02,5
6/9/17,US1,USB02,4
6/10/17,US1,USB02,4
6/11/17,US1,USB02,5
6/12/17,US1,USB02,5
6/13/17,US1,USB02,6
6/14/17,US1,USB02,5
6/15/17,US1,USB02,4
6/16/17,US1,USB02,5
6/17/17,US1,USB02,6
6/18/17,US1,USB02,5
6/19/17,US1,USB02,5
6/20/17,US1,USB02,4
6/21/17,US1,USB02,6
6/22/17,US1,USB02,4
6/23/17,US1,USB02,5
6/24/17,US1,USB02,4
6/25/17,US1,USB02,4
6/26/17,US1,USB02,5
6/27/17,US1,USB02,5
6/28/17,US1,USB02,5
6/29/17,US1,USB02,5
6/30/17,US1,USB02,5
7/1/17,US1,USB02,4
7/2/17,US1,USB02,4
7/3/17,US1,USB02,4
7/4/17,US1,USB02,5
7/5/17,US1,USB02,5
7/6/17,US1,USB02,5
7/7/17,US1,USB02,4
7/8/17,US1,USB02,5
7/9/17,US1,USB02,5
7/10/17,US1,USB02,4
7/11/17,US1,USB02,4
7/12/17,US1,USB02,5
7/13/17,US1,USB02,5
7/14/17,US1,USB02,4
7/15/17,US1,USB02,4
7/16/17,US1,USB02,5
7/17/17,US1,USB02,3
7/18/17,US1,USB02,5
7/19/17,US1,USB02,5
7/20/17,US1,USB02,4
7/21/17,US1,USB02,5
7/22/17,US1,USB02,5
7/23/17,US1,USB02,5
7/24/17,US1,USB02,5
7/25/17,US1,USB02,5
7/26/17,US1,USB02,5
7/27/17,US1,USB02,4
7/28/17,US1,USB02,5
7/29/17,US1,USB02,5
7/30/17,US1,USB02,4
7/31/17,US1,USB02,5
8/1/17,US1,USB02,5
8/2/17,US1,USB02,4
8/3/17,US1,USB02,4
8/4/17,US1,USB02,4
8/5/17,US1,USB02,5
8/6/17,US1,USB02,5
8/7/17,US1,USB02,6
8/8/17,US1,USB02,4
8/9/17,US1,USB02,4
8/10/17,US1,USB02,5
8/11/17,US1,USB02,4
8/12/17,US1,USB02,5
8/13/17,US1,USB02,5
8/14/17,US1,USB02,5
8/15/17,US1,USB02,5
8/16/17,US1,USB02,4
8/17/17,US1,USB02,4
8/18/17,US1,USB02,4
8/19/17,US1,USB02,5
8/20/17,US1,USB02,6
8/21/17,US1,USB02,5
8/22/17,US1,USB02,6
8/23/17,US1,USB02,4
8/24/17,US1,USB02,4
8/25/17,US1,USB02,5
8/26/17,US1,USB02,4
8/27/17,US1,USB02,4
8/28/17,US1,USB02,4
8/29/17,US1,USB02,3
8/30/17,US1,USB02,5
8/31/17,US1,USB02,5
9/1/17,US1,USB02,4
9/2/17,US1,USB02,4
9/3/17,US1,USB02,5
9/4/17,US1,USB02,5
9/5/17,US1,USB02,4
9/6/17,US1,USB02,5
9/7/17,US1,USB02,5
9/8/17,US1,USB02,5
9/9/17,US1,USB02,4
9/10/17,US1,USB02,5
9/11/17,US1,USB02,6
9/12/17,US1,USB02,5
9/13/17,US1,USB02,5
9/14/17,US1,USB02,5
9/15/17,US1,USB02,5
9/16/17,US1,USB02,4
9/17/17,US1,USB02,5
9/18/17,US1,USB02,5
9/19/17,US1,USB02,5
9/20/17,US1,USB02,4
9/21/17,US1,USB02,5
9/22/17,US1,USB02,5
9/23/17,US1,USB02,5
9/24/17,US1,USB02,5
9/25/17,US1,USB02,5
9/26/17,US1,USB02,5
9/27/17,US1,USB02,5
9/28/17,US1,USB02,4
9/29/17,US1,USB02,5
9/30/17,US1,USB02,5
10/1/17,US1,USB02,5
10/2/17,US1,USB02,4
10/3/17,US1,USB02,5
10/4/17,US1,USB02,5
10/5/17,US1,USB02,6
10/6/17,US1,USB02,5
10/7/17,US1,USB02,5
10/8/17,US1,USB02,6
10/9/17,US1,USB02,5
10/10/17,US1,USB02,4
10/11/17,US1,USB02,4
10/12/17,US1,USB02,5
10/13/17,US1,USB02,5
10/14/17,US1,USB02,5
10/15/17,US1,USB02,5
10/16/17,US1,USB02,5
10/17/17,US1,USB02,6
10/18/17,US1,USB02,5
10/19/17,US1,USB02,5
10/20/17,US1,USB02,5
10/21/17,US1,USB02,4
10/22/17,US1,USB02,5
10/23/17,US1,USB02,5
10/24/17,US1,USB02,5
10/25/17,US1,USB02,5
10/26/17,US1,USB02,5
10/27/17,US1,USB02,4
10/28/17,US1,USB02,7
10/29/17,US1,USB02,4
10/30/17,US1,USB02,5
10/31/17,US1,USB02,5
11/1/17,US1,USB02,5
11/2/17,US1,USB02,5
11/3/17,US1,USB02,4
11/4/17,US1,USB02,5
11/5/17,US1,USB02,5
11/6/17,US1,USB02,6
11/7/17,US1,USB02,5
11/8/17,US1,USB02,4
11/9/17,US1,USB02,5
11/10/17,US1,USB02,5
11/11/17,US1,USB02,5
11/12/17,US1,USB02,5
11/13/17,US1,USB02,5
11/14/17,US1,USB02,5
11/15/17,US1,USB02,4
11/16/17,US1,USB02,5
11/17/17,US1,USB02,5
11/18/17,US1,USB02,5
11/19/17,US1,USB02,4
11/20/17,US1,USB02,5
11/21/17,US1,USB02,5
11/22/17,US1,USB02,5
11/23/17,US1,USB02,5
11/24/17,US1,USB02,5
11/25/17,US1,USB02,4
11/26/17,US1,USB02,5
11/27/17,US1,USB02,5
11/28/17,US1,USB02,5
11/29/17,US1,USB02,5
11/30/17,US1,USB02,5
12/1/17,US1,USB02,4
12/2/17,US1,USB02,5
12/3/17,US1,USB02,5
12/4/17,US1,USB02,4
12/5/17,US1,USB02,5
12/6/17,US1,USB02,5
12/7/17,US1,USB02,4
12/8/17,US1,USB02,5
12/9/17,US1,USB02,5
12/10/17,US1,USB02,5
12/11/17,US1,USB02,4
12/12/17,US1,USB02,5
12/13/17,US1,USB02,5
12/14/17,US1,USB02,4
12/15/17,US1,USB02,5
12/16/17,US1,USB02,4
12/17/17,US1,USB02,5
12/18/17,US1,USB02,5
12/19/17,US1,USB02,5
12/20/17,US1,USB02,4
12/21/17,US1,USB02,5
12/22/17,US1,USB02,5
12/23/17,US1,USB02,5
12/24/17,US1,USB02,7
12/25/17,US1,USB02,5
12/26/17,US1,USB02,5
12/27/17,US1,USB02,5
12/28/17,US1,USB02,5
12/29/17,US1,USB02,5
12/30/17,US1,USB02,5
12/31/17,US1,USB02,5
